ssm_id	dna_change	protein_change	type	consequence	num_ssm_affected_cases	num_EGFR_cases	ssm_affected_cases_percentage	num_gdc_ssm_affected_cases	num_gdc_ssm_cases	gdc_ssm_affected_cases_percentage	vep_impact	sift_impact	sift_score	polyphen_impact	polyphen_score
c2e6b2d1-7034-5c64-930c-47b046f278b4	chr7:g.55191822T>G	EGFR L858R	Substitution	Missense	56	4577	1.22	56	16508	0.34	MODERATE	deleterious	0.0	probably_damaging	0.999
9d81ebd7-fc4b-5d69-a2c5-80ba80e9531e	chr7:g.55165350G>T	EGFR G598V	Substitution	Missense	30	4577	0.66	30	16508	0.18	MODERATE	deleterious	0.0	probably_damaging	0.951
c10dc76b-12e7-5cd6-a2d9-9a35fb2ff346	chr7:g.55174772delGGAATTAAGAGAAGC	EGFR E746_A750del	Deletion	Inframe Deletion	29	4577	0.63	29	16508	0.18	MODERATE				
cf558eb6-5b8e-583e-a7d7-139140a129b3	chr7:g.55154129C>T	EGFR A289V	Substitution	Missense	24	4577	0.52	24	16508	0.15	MODERATE	deleterious	0.02	probably_damaging	0.985
18c001bd-8c76-53fb-8abc-78e1b2da125c	chr7:g.55152581C>T	EGFR R222C	Substitution	Missense	10	4577	0.22	10	16508	0.06	MODERATE	deleterious	0.0	probably_damaging	1.0
b06c4342-0f66-59a0-bb9d-a804f33b401b	chr7:g.55174773delGAATTAAGAGAAGCA	EGFR E746_A750del	Deletion	Inframe Deletion	9	4577	0.20	9	16508	0.05	MODERATE				
d4f7e850-5a69-5ada-8961-731ce8ef5c37	chr7:g.55181312G>T	EGFR S768I	Substitution	Missense	9	4577	0.20	9	16508	0.05	MODERATE	deleterious	0.0	probably_damaging	0.999
827c18ed-ffab-5288-b7b5-fc078b4e07ca	chr7:g.55154129C>A	EGFR A289D	Substitution	Missense	8	4577	0.17	8	16508	0.05	MODERATE	deleterious	0.0	probably_damaging	0.991
c3c333c7-c95f-560f-aa6f-fa114460b439	chr7:g.55142382T>G	EGFR L62R	Substitution	Missense	8	4577	0.17	8	16508	0.05	MODERATE	deleterious	0.01	possibly_damaging	0.488
d61c0ae0-7239-5c5b-9f12-1df03d61d89c	chr7:g.55143387G>A	EGFR R108K	Substitution	Missense	8	4577	0.17	8	16508	0.05	MODERATE	deleterious	0.0	probably_damaging	1.0
2755ece2-9cf1-5de7-b852-3535e66280e9	chr7:g.55191831T>A	EGFR L861Q	Substitution	Missense	7	4577	0.15	7	16508	0.04	MODERATE	deleterious	0.0	probably_damaging	0.983
5c2a2f4e-66a3-5ba7-be9d-95c0b8b99f33	chr7:g.55154128G>A	EGFR A289T	Substitution	Missense	7	4577	0.15	7	16508	0.04	MODERATE	deleterious	0.0	probably_damaging	0.966
1c514837-9650-5663-83db-a87e4df09a01	chr7:g.55154017C>T	EGFR R252C	Substitution	Missense	6	4577	0.13	6	16508	0.04	MODERATE	deleterious	0.03	possibly_damaging	0.882
a8622625-e4c4-58d6-be87-0a92db7c7a1e	chr7:g.55174774delAATTAAGAGAAGCAACATC	EGFR E746_S752delinsV	Deletion	Protein Altering	6	4577	0.13	6	16508	0.04	MODERATE				
e654d078-d9c3-5176-b649-4726f97fd87e	chr7:g.55181329G>A	EGFR V774M	Substitution	Missense	6	4577	0.13	6	16508	0.04	MODERATE	deleterious	0.0	probably_damaging	0.996
0bc35e9d-9314-5bfd-ad08-af8d61209bea	chr7:g.55174773delGAATTAAGA	EGFR L747_E749del	Deletion	Inframe Deletion	5	4577	0.11	5	16508	0.03	MODERATE				
088991ed-dc0e-5fcb-b50e-553fbcb643cf	chr7:g.55174015G>C	EGFR G719A	Substitution	Missense	4	4577	0.09	4	16508	0.02	MODERATE	deleterious	0.0	probably_damaging	0.997
2265b349-47d1-570c-b461-fdd9c71dbedc	chr7:g.55143404G>A	EGFR E114K	Substitution	Missense	4	4577	0.09	4	16508	0.02	MODERATE	deleterious	0.04	benign	0.012
7e2f1245-dbda-5dcb-bc9e-9a0b90a9a45c	chr7:g.55152602A>T	EGFR S229C	Substitution	Missense	4	4577	0.09	4	16508	0.02	MODERATE	deleterious	0.0	probably_damaging	0.931
94757234-286a-53f0-bae2-eea4b9986944	chr7:g.55154050A>C	EGFR T263P	Substitution	Missense	4	4577	0.09	4	16508	0.02	MODERATE	tolerated	0.19	benign	0.236
992657ea-ca81-5d5e-b03c-852e36e8bb4a	chr7:g.55174014G>T	EGFR G719C	Substitution	Missense	4	4577	0.09	4	16508	0.02	MODERATE	deleterious	0.0	probably_damaging	1.0
fd1689c8-8d8e-57e0-9d87-daeb585c7f45	chr7:g.55172997C>G	EGFR S645C	Substitution	Missense	4	4577	0.09	4	16508	0.02	MODERATE	tolerated	0.18	probably_damaging	0.982
00df3f05-9974-53be-a26a-3d32a8560329	chr7:g.55173057G>A	EGFR G665D	Substitution	Missense	3	4577	0.07	3	16508	0.02	MODERATE	deleterious	0.02	possibly_damaging	0.726
107c741b-0119-5e1a-8780-595db7b3da60	chr7:g.55155911G>T	EGFR R324L	Substitution	Missense	3	4577	0.07	3	16508	0.02	MODERATE	deleterious	0.01	possibly_damaging	0.552
155a3e5c-770c-5bcb-9861-4872fa271182	chr7:g.55154030A>G	EGFR D256G	Substitution	Missense	3	4577	0.07	3	16508	0.02	MODERATE	deleterious	0.02	probably_damaging	0.995
2c04e71a-1591-5555-b8e1-c36809fdd3bd	chr7:g.55156614C>T	EGFR T363I	Substitution	Missense	3	4577	0.07	3	16508	0.02	MODERATE	deleterious	0.0	probably_damaging	0.992
795e1c1a-6c3b-5f13-8ecf-f8acdc305fcc	chr7:g.55181305_55181306insTGGCCAGCG	EGFR A767_V769du	Insertion	Inframe Insertion	3	4577	0.07	3	16508	0.02	MODERATE				
919d3308-5068-5cb6-a409-df4e8b055662	chr7:g.55155850C>T	EGFR H304Y	Substitution	Missense	3	4577	0.07	3	16508	0.02	MODERATE	tolerated	1.0	benign	0.007
a600357a-99c9-5cda-a04d-ee404c72440f	chr7:g.55174014G>A	EGFR G719S	Substitution	Missense	3	4577	0.07	3	16508	0.02	MODERATE	deleterious	0.0	probably_damaging	0.999
be327e3c-3dfe-5776-b4df-8c89401b4a9e	chr7:g.55151328C>T	EGFR S198=	Substitution	Synonymous	3	4577	0.07	3	16508	0.02	LOW				
dab0201a-01aa-589f-9b94-8d9b428f3c4e	chr7:g.55154018G>C	EGFR R252P	Substitution	Missense	3	4577	0.07	3	16508	0.02	MODERATE	tolerated	0.06	possibly_damaging	0.868
dc098a1e-46ce-54f1-8cb0-961d34183ac1	chr7:g.55165344C>T	EGFR P596L	Substitution	Missense	3	4577	0.07	3	16508	0.02	MODERATE	deleterious	0.0	probably_damaging	0.999
e412533e-af34-5b26-aad0-0db27992711e	chr7:g.55152655C>T	EGFR S246=	Substitution	Synonymous	3	4577	0.07	3	16508	0.02	LOW				
02bc0b2a-872a-550e-bd80-c670c8e4f416	chr7:g.55200411C>T	EGFR Q982*	Substitution	Stop Gained	2	4577	0.04	2	16508	0.01	HIGH				
0e448cb8-5986-5b4f-b22f-5cb3703d169b	chr7:g.55202556C>T	EGFR R1068*	Substitution	Stop Gained	2	4577	0.04	2	16508	0.01	HIGH				
100db6ef-c308-5c06-85e0-8f24347335aa	chr7:g.55154055delC	EGFR P266Hfs*14	Deletion	Frameshift	2	4577	0.04	2	16508	0.01	HIGH				
133f815e-5ac8-5cf8-867e-29d51894d5b0	chr7:g.55152556C>T	EGFR I213=	Substitution	Synonymous	2	4577	0.04	2	16508	0.01	LOW				
19d2a3a4-140b-53ae-b242-1d173492dc75	chr7:g.55154072A>G	EGFR Y270C	Substitution	Missense	2	4577	0.04	2	16508	0.01	MODERATE	deleterious	0.0	probably_damaging	1.0
1d570c3e-bbe1-5a29-af9b-851018ece7e8	chr7:g.55174025G>A	EGFR A722=	Substitution	Synonymous	2	4577	0.04	2	16508	0.01	LOW				
22bae4b5-1c7d-52d6-a74c-2e25719fc24d	chr7:g.55143411C>T	EGFR S116F	Substitution	Missense	2	4577	0.04	2	16508	0.01	MODERATE	tolerated	0.06	benign	0.005
2cffd740-3080-5701-9c18-d638d996a2cb	chr7:g.55171177G>A	EGFR C628Y	Substitution	Missense	2	4577	0.04	2	16508	0.01	MODERATE	deleterious	0.0	probably_damaging	0.993
32bbf4f8-1d84-5f05-8097-00ecb6603c45	chr7:g.55174028C>T	EGFR F723=	Substitution	Synonymous	2	4577	0.04	2	16508	0.01	LOW				
33eb1b38-1a7a-5548-9f57-33714e26e43c	chr7:g.55205271C>T	EGFR S1096F	Substitution	Missense	2	4577	0.04	2	16508	0.01	MODERATE	tolerated	0.18	benign	0.0
4108096e-1cf3-5467-a889-c0a967236008	chr7:g.55200397G>A	EGFR R977H	Substitution	Missense	2	4577	0.04	2	16508	0.01	MODERATE	deleterious	0.0	probably_damaging	0.99
43a1bfca-b01c-5970-b264-aec74c19cdd1	chr7:g.55174767A>G	EGFR I744V	Substitution	Missense	2	4577	0.04	2	16508	0.01	MODERATE	deleterious	0.03	probably_damaging	0.92
4e286622-e948-5459-aafb-ac6e1f5c7644	chr7:g.55181309_55181310insCAGCGTGGA	EGFR S768_D770du	Insertion	Inframe Insertion	2	4577	0.04	2	16508	0.01	MODERATE				
524b08d6-d2cd-50fa-9835-bd643db16259	chr7:g.55165323C>T	EGFR P589L	Substitution	Missense	2	4577	0.04	2	16508	0.01	MODERATE	tolerated	0.13	possibly_damaging	0.488
5923ad76-5a7f-51f4-b285-58276e3e4130	chr7:g.55171201G>A	EGFR C636Y	Substitution	Missense	2	4577	0.04	2	16508	0.01	MODERATE	deleterious	0.01	probably_damaging	0.997
5b8a7b93-34ac-521a-a8bc-6dd14a69718d	chr7:g.55205273G>A	EGFR V1097I	Substitution	Missense	2	4577	0.04	2	16508	0.01	MODERATE	tolerated	0.26	benign	0.0
6e99458c-450b-5f2d-98f6-3772ed4b54b4	chr7:g.55174775delATTAAGAGAAGCAAC	EGFR L747_T751del	Deletion	Inframe Deletion	2	4577	0.04	2	16508	0.01	MODERATE				
78261a02-7c81-506f-93e6-140f28fce107	chr7:g.55181472C>T	EGFR I821=	Substitution	Synonymous	2	4577	0.04	2	16508	0.01	LOW				
7c767de8-8f77-5630-9f1c-63090ed18ea7	chr7:g.55155864C>T	EGFR V308=	Substitution	Synonymous	2	4577	0.04	2	16508	0.01	LOW				
8bb07b78-30a2-5461-aaf2-7c591486a61b	chr7:g.55156628G>A	EGFR D368N	Substitution	Missense	2	4577	0.04	2	16508	0.01	MODERATE	tolerated	1.0	benign	0.081
8c05d848-ac4f-5203-a6ac-5abee72b1589	chr7:g.55155880G>A	EGFR D314N	Substitution	Missense	2	4577	0.04	2	16508	0.01	MODERATE	tolerated	1.0	benign	0.015
91fb4de6-3f5d-5050-a101-39fb44dae8f4	chr7:g.55154018G>A	EGFR R252H	Substitution	Missense	2	4577	0.04	2	16508	0.01	MODERATE	tolerated	0.12	benign	0.022
9363a5bd-c9a5-5c2d-90e3-be6b1a5e7bef	chr7:g.55174764G>A	EGFR A743T	Substitution	Missense	2	4577	0.04	2	16508	0.01	MODERATE	deleterious	0.0	probably_damaging	0.998
a805091d-ac08-5b5b-b4e8-93737fa3811d	chr7:g.55142314G>A	EGFR T39=	Substitution	Synonymous	2	4577	0.04	2	16508	0.01	LOW				
a8182ba0-355c-5711-9e62-d32a432f3a35	chr7:g.55161605C>T	EGFR C535=	Substitution	Synonymous	2	4577	0.04	2	16508	0.01	LOW				
ab451eb4-f2b6-5217-8082-6a7068789420	chr7:g.55181378C>T	EGFR T790M	Substitution	Missense	2	4577	0.04	2	16508	0.01	MODERATE	deleterious	0.0	probably_damaging	1.0
bb2b7b76-7805-53f4-844a-42744fd51eef	chr7:g.55173068C>T	EGFR R669*	Substitution	Stop Gained	2	4577	0.04	2	16508	0.01	HIGH				
cd2d8599-b5cd-5123-a80f-339ed7651264	chr7:g.55181324_55181325insCCACGT	EGFR H773_V774du	Insertion	Inframe Insertion	2	4577	0.04	2	16508	0.01	MODERATE				
d0b7834d-9e81-5e63-bd6e-7d98aacdf5d0	chr7:g.55174796G>A	EGFR P753=	Substitution	Synonymous	2	4577	0.04	2	16508	0.01	LOW				
d22968d8-216b-56ea-bc60-89780801ee8e	chr7:g.55160161G>A	EGFR V441I	Substitution	Missense	2	4577	0.04	2	16508	0.01	MODERATE	tolerated	0.21	benign	0.01
d55c016a-4bcd-5d82-94b9-0209c0785abe	chr7:g.55205437C>T	EGFR F1151=	Substitution	Synonymous	2	4577	0.04	2	16508	0.01	LOW				
d727f193-6159-5033-9ff7-138aa190b886	chr7:g.55154040G>A	EGFR T259=	Substitution	Synonymous	2	4577	0.04	2	16508	0.01	LOW				
df628a08-a29b-5046-9c8b-7e9b284673d1	chr7:g.55161591C>T	EGFR R531*	Substitution	Stop Gained	2	4577	0.04	2	16508	0.01	HIGH				
e2ff78f2-f5fc-5083-94bd-777645c38b44	chr7:g.55205517C>T	EGFR P1178L	Substitution	Missense	2	4577	0.04	2	16508	0.01	MODERATE	deleterious	0.0	possibly_damaging	0.796
e392e6ff-3051-56b7-ba45-01d5a0d16a9b	chr7:g.55154137G>A	EGFR V292M	Substitution	Missense	2	4577	0.04	2	16508	0.01	MODERATE	deleterious	0.0	probably_damaging	0.994
e61e9487-18ff-5894-8e54-318da54fd659	chr7:g.55155874G>T	EGFR G312W	Substitution	Missense	2	4577	0.04	2	16508	0.01	MODERATE	deleterious	0.0	possibly_damaging	0.764
e743bec5-6e0d-5bbc-80a4-2c735ee8f904	chr7:g.55143386A>G	EGFR R108G	Substitution	Missense	2	4577	0.04	2	16508	0.01	MODERATE	deleterious	0.0	probably_damaging	1.0
f417228f-82db-5958-88b8-a48a9c8087db	chr7:g.55142384G>A	EGFR G63R	Substitution	Missense	2	4577	0.04	2	16508	0.01	MODERATE	deleterious	0.0	probably_damaging	0.999
fa2c5947-f6e2-5e26-98c9-5a73c7add0da	chr7:g.55173986delAAC	EGFR E709_T710delinsD	Deletion	Inframe Deletion	2	4577	0.04	2	16508	0.01	MODERATE				
0015093d-e26d-5761-9456-022b33c57169	chr7:g.55205272C>A	EGFR S1096=	Substitution	Synonymous	1	4577	0.02	1	16508	0.01	LOW				
00ca380b-ea8a-57ca-bf6c-18644396bdb8	chr7:g.55142317G>A	EGFR Q40=	Substitution	Synonymous	1	4577	0.02	1	16508	0.01	LOW				
011d0ae7-75c0-50e5-bc7b-a57cf61e1572	chr7:g.55160150C>A	EGFR S437Y	Substitution	Missense	1	4577	0.02	1	16508	0.01	MODERATE	deleterious	0.01	probably_damaging	0.997
01d19f1c-878c-50e0-a5e2-8ef230052e9d	chr7:g.55181353C>T	EGFR L782F	Substitution	Missense	1	4577	0.02	1	16508	0.01	MODERATE	deleterious	0.0	probably_damaging	0.993
02528023-1671-50fa-ab0f-166ff5685517	chr7:g.55146626C>T	EGFR R149W	Substitution	Missense	1	4577	0.02	1	16508	0.01	MODERATE	tolerated	0.13	benign	0.022
02bdb10e-f4d6-5095-a2db-79f56966e14a	chr7:g.55198773G>T	EGFR A920S	Substitution	Missense	1	4577	0.02	1	16508	0.01	MODERATE	deleterious	0.02	probably_damaging	0.909
033606ed-1ccd-5c34-90fc-5ed218f4081d	chr7:g.55170335T>C	EGFR	Substitution	Intron	1	4577	0.02	1	16508	0.01	MODIFIER				
03d6b8fa-00ec-5c70-8826-5fabafefc001	chr7:g.55161606G>A	EGFR V536M	Substitution	Missense	1	4577	0.02	1	16508	0.01	MODERATE	deleterious	0.01	probably_damaging	0.918
03eb4909-af2f-5a5b-b8f4-7fc73faccae4	chr7:g.55152597C>T	EGFR S227F	Substitution	Missense	1	4577	0.02	1	16508	0.01	MODERATE	tolerated	0.65	benign	0.036
0451b4b4-febf-54a9-8534-977053272652	chr7:g.55191772G>A	EGFR R841=	Substitution	Synonymous	1	4577	0.02	1	16508	0.01	LOW				
048ca4e7-e6ac-5b47-8aa3-b3b5080686fe	chr7:g.55202639C>G	EGFR	Substitution	Intron	1	4577	0.02	1	16508	0.01	MODIFIER				
05d21c3e-9d67-53a9-aa4a-8c58aa0c3aae	chr7:g.55205265A>G	EGFR N1094S	Substitution	Missense	1	4577	0.02	1	16508	0.01	MODERATE	deleterious	0.0	benign	0.003
05ed4362-167e-5aba-bdfc-5de9db1cddfd	chr7:g.55155927C>T	EGFR C329=	Substitution	Synonymous	1	4577	0.02	1	16508	0.01	LOW				
06834f21-4a30-51d9-b2bd-af853dc11f71	chr7:g.55160171A>G	EGFR N444S	Substitution	Missense	1	4577	0.02	1	16508	0.01	MODERATE	tolerated	0.54	benign	0.0
09309738-31f2-5221-95a7-b4b0a44585a9	chr7:g.55146620G>A	EGFR A147T	Substitution	Missense	1	4577	0.02	1	16508	0.01	MODERATE	deleterious	0.02	benign	0.027
09c88139-34dc-5d58-8264-59c56922fef3	chr7:g.55209926C>A	EGFR	Substitution	3 Prime Utr	1	4577	0.02	1	16508	0.01	MODIFIER				
0a6aaffc-ca71-5990-af3f-307aeb4947cd	chr7:g.55142309C>G	EGFR L38V	Substitution	Missense	1	4577	0.02	1	16508	0.01	MODERATE	deleterious	0.01	probably_damaging	0.97
0b49ddb1-9ca3-5956-841d-bca0748d6b32	chr7:g.55156794A>G	EGFR Q390R	Substitution	Missense	1	4577	0.02	1	16508	0.01	MODERATE	tolerated	0.09	benign	0.001
0b694689-3440-5736-b740-9957dcd84da9	chr7:g.55155870C>T	EGFR A310=	Substitution	Synonymous	1	4577	0.02	1	16508	0.01	LOW				
0c803bff-7160-5c1e-b821-568546f5f12b	chr7:g.55174794C>T	EGFR P753S	Substitution	Missense	1	4577	0.02	1	16508	0.01	MODERATE	deleterious	0.04	possibly_damaging	0.824
0c928e94-485d-5cfd-9e10-679209e3c0de	chr7:g.55142346G>A	EGFR S50N	Substitution	Missense	1	4577	0.02	1	16508	0.01	MODERATE	tolerated	0.47	benign	0.01
0f6f1987-a3df-5742-a002-d54e304d1922	chr7:g.55205522G>T	EGFR E1180*	Substitution	Stop Gained	1	4577	0.02	1	16508	0.01	HIGH				
0f8b3533-abb7-5084-aa99-7b93ed78ff17	chr7:g.55198825C>T	EGFR P937L	Substitution	Missense	1	4577	0.02	1	16508	0.01	MODERATE	tolerated	0.1	benign	0.305
0ff8e491-5e05-502d-afe8-1c775d8f5e91	chr7:g.55154025C>T	EGFR F254=	Substitution	Synonymous	1	4577	0.02	1	16508	0.01	LOW				
108556fb-6f48-5f6b-8247-64b7e5771ccf	chr7:g.55156617C>T	EGFR S364F	Substitution	Missense	1	4577	0.02	1	16508	0.01	MODERATE	deleterious	0.0	benign	0.433
10abd616-9f80-55f7-a073-c9ea1a47e8fe	chr7:g.55174761G>A	EGFR V742I	Substitution	Missense	1	4577	0.02	1	16508	0.01	MODERATE	deleterious	0.0	probably_damaging	0.991
10d268fd-5af2-53d2-8735-87f78a0f54d0	chr7:g.55191795A>T	EGFR Q849L	Substitution	Missense	1	4577	0.02	1	16508	0.01	MODERATE	tolerated	0.06	benign	0.094
1113e3d3-0862-5b89-96a7-97c5fcde35d7	chr7:g.55174746A>G	EGFR K737E	Substitution	Missense	1	4577	0.02	1	16508	0.01	MODERATE	deleterious	0.03	benign	0.369
12654980-fee3-5f0e-8fcf-24c84f96a6f5	chr7:g.55143335A>G	EGFR I91V	Substitution	Missense	1	4577	0.02	1	16508	0.01	MODERATE	tolerated	0.57	benign	0.014
1292a500-8537-529f-a834-59cea715e759	chr7:g.55203024A>C	EGFR	Substitution	Intron	1	4577	0.02	1	16508	0.01	MODIFIER				
12f5b2fe-f20b-5458-8e8e-a532adc9c14d	chr7:g.55191733G>A	EGFR L828=	Substitution	Synonymous	1	4577	0.02	1	16508	0.01	LOW				
1373284b-6c01-5fdf-85fb-f2e68bed17e1	chr7:g.55173096C>T	EGFR T678M	Substitution	Missense	1	4577	0.02	1	16508	0.01	MODERATE	deleterious	0.0	probably_damaging	0.996
13b15ee2-bbc1-50f9-9a11-e319914373c3	chr7:g.55156657G>T	EGFR R377S	Substitution	Missense	1	4577	0.02	1	16508	0.01	MODERATE	tolerated	0.47	benign	0.003
143bb983-a8c6-50fa-af8f-3bc9184d956e	chr7:g.55157737G>A	EGFR G428S	Substitution	Missense	1	4577	0.02	1	16508	0.01	MODERATE	deleterious	0.0	probably_damaging	1.0
1465757d-0a0d-5dea-86b6-0d1c755849c2	chr7:g.55201344C>T	EGFR L1035=	Substitution	Synonymous	1	4577	0.02	1	16508	0.01	LOW				
15343707-9fcb-58bc-ba5f-20adce35660b	chr7:g.55173014G>A	EGFR V651M	Substitution	Missense	1	4577	0.02	1	16508	0.01	MODERATE	deleterious	0.01	possibly_damaging	0.542
1585db6e-fc73-5dc5-872f-075a7e56f69e	chr7:g.55173105G>T	EGFR R681M	Substitution	Missense	1	4577	0.02	1	16508	0.01	MODERATE	deleterious	0.0	probably_damaging	0.99
17b19f4c-9362-5fb5-bda0-34f9dd49336a	chr7:g.55154046G>T	EGFR K261N	Substitution	Missense	1	4577	0.02	1	16508	0.01	MODERATE	tolerated	0.12	probably_damaging	0.984
17b5f9cc-d5e3-5c39-b99f-4ea69485f5aa	chr7:g.55154024T>G	EGFR F254C	Substitution	Missense	1	4577	0.02	1	16508	0.01	MODERATE	deleterious	0.0	probably_damaging	1.0
17b93e5b-3ef1-58a2-aaca-48ddbbe2f7ad	chr7:g.55192831C>A	EGFR V897=	Substitution	Synonymous	1	4577	0.02	1	16508	0.01	LOW				
1a1364c4-0b29-521b-87d5-a5a01974daca	chr7:g.55202604G>A	EGFR D1084N	Substitution	Missense	1	4577	0.02	1	16508	0.01	MODERATE	tolerated	0.09	benign	0.073
1a17a016-eef5-5cad-be6c-4826709c16c8	chr7:g.55160212G>A	EGFR D458N	Substitution	Missense	1	4577	0.02	1	16508	0.01	MODERATE	tolerated	0.13	probably_damaging	0.925
1a39ad0c-04b9-52e2-8135-ace5d22b570e	chr7:g.55201240C>T	EGFR A1000V	Substitution	Missense	1	4577	0.02	1	16508	0.01	MODERATE	deleterious	0.04	benign	0.011
1aad2a69-8dfb-5b62-ab38-625bae7d94b3	chr7:g.55146710T>C	EGFR S177P	Substitution	Missense	1	4577	0.02	1	16508	0.01	MODERATE	tolerated	0.27	benign	0.001
1b25b95e-1723-561e-8894-60994b78ecbe	chr7:g.55156816C>T	EGFR T397=	Substitution	Synonymous	1	4577	0.02	1	16508	0.01	LOW				
1c6de83a-eedd-52a7-a2a2-772f877be538	chr7:g.55154040G>C	EGFR T259=	Substitution	Synonymous	1	4577	0.02	1	16508	0.01	LOW				
1ca2f105-7bee-5af7-9369-0bda96f58958	chr7:g.55205538G>T	EGFR G1185V	Substitution	Missense	1	4577	0.02	1	16508	0.01	MODERATE	deleterious	0.01	probably_damaging	0.922
1d1d5302-ce0b-5c33-b1cb-2c4a3231d313	chr7:g.55201775G>T	EGFR R1052I	Substitution	Missense	1	4577	0.02	1	16508	0.01	MODERATE	tolerated	0.12	benign	0.003
1d8227f4-6c57-50a1-8819-e9764679dff7	chr7:g.55142390T>C	EGFR L65=	Substitution	Synonymous	1	4577	0.02	1	16508	0.01	LOW				
1eddd6aa-e711-5017-95df-30be6728712b	chr7:g.55181499C>T	EGFR	Substitution	Intron	1	4577	0.02	1	16508	0.01	MODIFIER				
1f5864ac-8b1d-5b0e-a020-2a38a11963eb	chr7:g.55198854A>G	EGFR M947V	Substitution	Missense	1	4577	0.02	1	16508	0.01	MODERATE	deleterious	0.0	probably_damaging	0.995
1f75219c-e55a-5ff7-adce-6bdd863deb77	chr7:g.55201268C>T	EGFR D1009=	Substitution	Synonymous	1	4577	0.02	1	16508	0.01	LOW				
20682c37-6940-5c27-b71d-ae81efc98cf5	chr7:g.55170452C>T	EGFR	Substitution	Intron	1	4577	0.02	1	16508	0.01	MODIFIER				
212d4129-b560-5221-a8d5-3c2d305477d5	chr7:g.55192822G>A	EGFR Q894=	Substitution	Synonymous	1	4577	0.02	1	16508	0.01	LOW				
216841fd-94b4-5708-9f28-3ddf32e09250	chr7:g.55174016C>A	EGFR G719=	Substitution	Synonymous	1	4577	0.02	1	16508	0.01	LOW				
21cc3f8b-5138-5b38-84e5-c6e1958b402d	chr7:g.55160169G>A	EGFR L443=	Substitution	Synonymous	1	4577	0.02	1	16508	0.01	LOW				
23dedbb7-53fb-59e5-9153-f41637a7bc2a	chr7:g.55205432A>T	EGFR T1150S	Substitution	Missense	1	4577	0.02	1	16508	0.01	MODERATE	tolerated	0.2	benign	0.0
245412c0-d900-545c-90aa-3655284242a4	chr7:g.55174029G>A	EGFR G724S	Substitution	Missense	1	4577	0.02	1	16508	0.01	MODERATE	deleterious	0.03	probably_damaging	1.0
248b19ef-ec58-516e-8504-0dbd311984b4	chr7:g.55143327A>G	EGFR Y88C	Substitution	Missense	1	4577	0.02	1	16508	0.01	MODERATE	deleterious	0.0	probably_damaging	1.0
2494b435-b4d7-5494-aca5-61beac1bef1e	chr7:g.55163808C>T	EGFR I569=	Substitution	Synonymous	1	4577	0.02	1	16508	0.01	LOW				
24c132a1-be3e-5440-b74c-c4492b9e6a76	chr7:g.55163823G>A	EGFR R574=	Substitution	Splice Region	1	4577	0.02	1	16508	0.01	LOW				
25062b68-e05b-5e6c-bc82-b0af36000227	chr7:g.55160276A>T	EGFR K479I	Substitution	Missense	1	4577	0.02	1	16508	0.01	MODERATE	tolerated	0.08	benign	0.145
253de937-8d85-537a-97a4-d3de0e1d01af	chr7:g.55156650C>T	EGFR A375V	Substitution	Missense	1	4577	0.02	1	16508	0.01	MODERATE	deleterious	0.04	possibly_damaging	0.494
2571a135-c4d0-54f9-8204-a344bcb3aa65	chr7:g.55161616G>A	EGFR C539Y	Substitution	Missense	1	4577	0.02	1	16508	0.01	MODERATE	deleterious	0.0	probably_damaging	1.0
25a891fa-60cb-5f48-83ec-e614eae4484b	chr7:g.55171187A>G	EGFR P631=	Substitution	Synonymous	1	4577	0.02	1	16508	0.01	LOW				
264e5f8b-5c61-5e36-968c-3ea883f97a85	chr7:g.55146722C>T	EGFR Q181*	Substitution	Stop Gained	1	4577	0.02	1	16508	0.01	HIGH				
269aa6a9-5050-54c1-938e-fba261a53c79	chr7:g.55160221G>A	EGFR V461M	Substitution	Missense	1	4577	0.02	1	16508	0.01	MODERATE	deleterious	0.0	possibly_damaging	0.882
27e4102d-b949-5fef-9ea3-df3ca2094d08	chr7:g.55205438G>A	EGFR D1152N	Substitution	Missense	1	4577	0.02	1	16508	0.01	MODERATE	tolerated	0.15	benign	0.0
27f8dce6-c1de-5991-a979-bdef5de9a444	chr7:g.55174793T>C	EGFR S752=	Substitution	Synonymous	1	4577	0.02	1	16508	0.01	LOW				
28502fb3-9f12-530c-9e04-f3abb13c3079	chr7:g.55174021G>T	EGFR G721V	Substitution	Missense	1	4577	0.02	1	16508	0.01	MODERATE	deleterious	0.0	probably_damaging	1.0
28ea6856-cc46-5fda-85be-8771213ecee6	chr7:g.55151305G>A	EGFR D191N	Substitution	Missense	1	4577	0.02	1	16508	0.01	MODERATE	tolerated	0.61	benign	0.0
2a2afae7-5299-5d1f-9f60-ec7945b13fb6	chr7:g.55151309C>G	EGFR P192R	Substitution	Missense	1	4577	0.02	1	16508	0.01	MODERATE	tolerated	0.47	benign	0.063
2aafcb73-61f8-58d9-af74-1f8d7c2f461a	chr7:g.55146711C>T	EGFR S177L	Substitution	Missense	1	4577	0.02	1	16508	0.01	MODERATE	tolerated	0.31	benign	0.003
2af9db3a-1390-5071-971c-d6c56f095672	chr7:g.55174777delTAAGAGAAGCAACATCTC	EGFR L747_P753delinsS	Deletion	Inframe Deletion	1	4577	0.02	1	16508	0.01	MODERATE				
2b83e287-ca43-595a-818e-ff705dd4fbb2	chr7:g.55156577A>G	EGFR I351V	Substitution	Missense	1	4577	0.02	1	16508	0.01	MODERATE	tolerated	1.0	benign	0.0
2c08ca0c-5fa4-521b-8876-437a1ce1a3de	chr7:g.55191821C>A	EGFR L858M	Substitution	Missense	1	4577	0.02	1	16508	0.01	MODERATE	deleterious	0.0	probably_damaging	0.999
2c7ccc3d-52c6-5bbf-a458-5fde08301d20	chr7:g.55170313A>G	EGFR	Substitution	Intron	1	4577	0.02	1	16508	0.01	MODIFIER				
2cc4f089-40a2-5121-8daf-aeb08fca3686	chr7:g.55192840C>T	EGFR Y900=	Substitution	Splice Region	1	4577	0.02	1	16508	0.01	LOW				
2d56be2d-b78d-5f14-8425-441596255c9b	chr7:g.55174795C>T	EGFR P753L	Substitution	Missense	1	4577	0.02	1	16508	0.01	MODERATE	deleterious	0.02	possibly_damaging	0.881
2d927e8e-319b-5bf3-8d6a-7102531f4e9c	chr7:g.55173995C>G	EGFR F712L	Substitution	Missense	1	4577	0.02	1	16508	0.01	MODERATE	tolerated	1.0	benign	0.007
2dc94406-1a97-55cf-841e-828f2ddfc8f6	chr7:g.55019306C>A	EGFR A10E	Substitution	Missense	1	4577	0.02	1	16508	0.01	MODERATE	tolerated	0.39	benign	0.012
2e2e5154-dc6c-5d4f-b6ba-68b81a0a8886	chr7:g.55202601G>A	EGFR D1083N	Substitution	Missense	1	4577	0.02	1	16508	0.01	MODERATE	tolerated	0.12	benign	0.069
2e53d8a1-e2e1-5d7a-90ad-4efdc5316eda	chr7:g.55205442G>A	EGFR S1153N	Substitution	Missense	1	4577	0.02	1	16508	0.01	MODERATE	tolerated	1.0	benign	0.021
2ecacbd8-7de4-53a0-a63c-6c166501ba5e	chr7:g.55171207C>T	EGFR T638M	Substitution	Missense	1	4577	0.02	1	16508	0.01	MODERATE	tolerated	0.11	benign	0.0
305037e2-e477-592e-ad93-351ee94c94bc	chr7:g.55205335C>T	EGFR P1117=	Substitution	Synonymous	1	4577	0.02	1	16508	0.01	LOW				
308dd7ae-ec16-57a6-941a-180bef1d6a23	chr7:g.55200374C>T	EGFR S969=	Substitution	Synonymous	1	4577	0.02	1	16508	0.01	LOW				
3107d43a-669d-590a-9c6c-80d64ea6931e	chr7:g.55191741G>A	EGFR R831H	Substitution	Missense	1	4577	0.02	1	16508	0.01	MODERATE	tolerated	0.14	benign	0.152
317d5cca-4092-5042-a360-d01ab0d2614e	chr7:g.55155847G>C	EGFR D303H	Substitution	Missense	1	4577	0.02	1	16508	0.01	MODERATE	deleterious	0.0	benign	0.153
31acbe22-bb50-5591-b92d-8679f4b6993e	chr7:g.55154054G>A	EGFR C264Y	Substitution	Missense	1	4577	0.02	1	16508	0.01	MODERATE	deleterious	0.0	probably_damaging	1.0
325a6316-3e82-5ccc-8f1a-1c722456d1b3	chr7:g.55160271G>C	EGFR W477C	Substitution	Missense	1	4577	0.02	1	16508	0.01	MODERATE	deleterious	0.0	probably_damaging	1.0
32620c54-3c12-5fb1-a6b5-8f10fd50f097	chr7:g.55156776C>G	EGFR T384S	Substitution	Missense	1	4577	0.02	1	16508	0.01	MODERATE	tolerated	0.1	benign	0.085
32ab3473-636b-5f4a-9735-430c4ee31a44	chr7:g.55181317_55181318insACA	EGFR N771du	Insertion	Inframe Insertion	1	4577	0.02	1	16508	0.01	MODERATE				
3358713b-2025-5556-b001-086632ab89f4	chr7:g.55156768C>T	EGFR F381=	Substitution	Synonymous	1	4577	0.02	1	16508	0.01	LOW				
342acc8e-4bc7-5f7f-aaea-68d2d800d69d	chr7:g.55163767A>G	EGFR I556V	Substitution	Missense	1	4577	0.02	1	16508	0.01	MODERATE	tolerated	1.0	benign	0.0
344ced26-bc3b-585d-b034-04d2deecd38a	chr7:g.55174798A>T	EGFR K754I	Substitution	Missense	1	4577	0.02	1	16508	0.01	MODERATE	deleterious	0.0	probably_damaging	0.974
34ff85da-f384-5117-b307-a7e32179cde4	chr7:g.55181320_55181321insACCCCC	EGFR P772_H773du	Insertion	Inframe Insertion	1	4577	0.02	1	16508	0.01	MODERATE				
3506e598-a62c-5f2d-a726-ca46d472cf65	chr7:g.55157744C>T	EGFR T430I	Substitution	Missense	1	4577	0.02	1	16508	0.01	MODERATE	tolerated	0.21	benign	0.282
352cbdba-d782-56a3-960d-038eb3b514d0	chr7:g.55165395C>T	EGFR A613V	Substitution	Missense	1	4577	0.02	1	16508	0.01	MODERATE	tolerated	0.19	benign	0.015
35bdc54f-d6a2-5db0-8d53-40c8ae26fa2e	chr7:g.55143367G>T	EGFR L101F	Substitution	Missense	1	4577	0.02	1	16508	0.01	MODERATE	deleterious	0.02	probably_damaging	1.0
366f743d-adfa-52f2-a50e-a0472b8bf590	chr7:g.55152627C>A	EGFR A237D	Substitution	Missense	1	4577	0.02	1	16508	0.01	MODERATE	deleterious	0.0	probably_damaging	0.998
376b1b74-7f33-5166-88a3-ae255ec7b1b8	chr7:g.55192817C>T	EGFR H893Y	Substitution	Missense	1	4577	0.02	1	16508	0.01	MODERATE	deleterious	0.0	probably_damaging	0.983
37ac4e5b-d07f-5521-870c-d7764cbb119b	chr7:g.55201745G>A	EGFR S1042N	Substitution	Missense	1	4577	0.02	1	16508	0.01	MODERATE	tolerated	0.08	possibly_damaging	0.451
387c217c-5b84-53ab-9269-13726c5e3344	chr7:g.55191724G>A	EGFR M825I	Substitution	Missense	1	4577	0.02	1	16508	0.01	MODERATE	deleterious	0.0	probably_damaging	0.997
38b4abf7-ec4c-5525-9b10-2f57dfb970bb	chr7:g.55173954C>A	EGFR P699T	Substitution	Missense	1	4577	0.02	1	16508	0.01	MODERATE	deleterious	0.0	benign	0.39
399ffcc0-4e7c-51a8-bd90-0f8238b5bb26	chr7:g.55143314G>A	EGFR E84K	Substitution	Missense	1	4577	0.02	1	16508	0.01	MODERATE	deleterious	0.0	probably_damaging	1.0
3d6a2d14-93e1-5976-b518-c306421c4d43	chr7:g.55191754C>T	EGFR H835=	Substitution	Synonymous	1	4577	0.02	1	16508	0.01	LOW				
3da723f0-c15d-54ed-88a2-1c263a95ab8f	chr7:g.55205512C>A	EGFR F1176L	Substitution	Missense	1	4577	0.02	1	16508	0.01	MODERATE	tolerated	0.1	possibly_damaging	0.629
3db55a28-3678-5cc4-bd5b-2b3bd67a4ecb	chr7:g.55143482T>G	EGFR L140V	Substitution	Missense	1	4577	0.02	1	16508	0.01	MODERATE	deleterious	0.0	probably_damaging	0.983
3f35d406-4e1c-5a5e-8593-dc2966fc138b	chr7:g.55154100G>A	EGFR V279=	Substitution	Synonymous	1	4577	0.02	1	16508	0.01	LOW				
40ed191c-af65-5482-8230-451a0e3415af	chr7:g.55174807A>T	EGFR K757M	Substitution	Missense	1	4577	0.02	1	16508	0.01	MODERATE	deleterious	0.01	probably_damaging	0.98
43defc58-05ea-57f7-ab25-7ca040a68d6b	chr7:g.55198778C>A	EGFR S921R	Substitution	Missense	1	4577	0.02	1	16508	0.01	MODERATE	tolerated	1.0	benign	0.06
43ef82e6-efba-5c28-9706-12e43f9af18d	chr7:g.55142336C>T	EGFR H47Y	Substitution	Missense	1	4577	0.02	1	16508	0.01	MODERATE	deleterious	0.0	possibly_damaging	0.627
45a80337-f349-52b8-ba21-ba95cc72b8b0	chr7:g.55170510C>T	EGFR	Substitution	Intron	1	4577	0.02	1	16508	0.01	MODIFIER				
45e39c2a-830f-552d-b6df-e951c177d05d	chr7:g.55163754G>T	EGFR E551D	Substitution	Missense	1	4577	0.02	1	16508	0.01	MODERATE	tolerated	0.56	benign	0.001
47036dc0-9379-5eff-a905-c73890432e8e	chr7:g.55163740A>G	EGFR R547G	Substitution	Missense	1	4577	0.02	1	16508	0.01	MODERATE	deleterious	0.01	possibly_damaging	0.641
478435a7-245b-5ef7-8a8f-1bd9ab44bde9	chr7:g.55165344C>G	EGFR P596R	Substitution	Missense	1	4577	0.02	1	16508	0.01	MODERATE	deleterious	0.01	probably_damaging	0.999
48663b46-3c69-5504-ac53-c61e17a09dcc	chr7:g.55181314G>T	EGFR V769L	Substitution	Missense	1	4577	0.02	1	16508	0.01	MODERATE	tolerated	0.17	possibly_damaging	0.572
48b44ef3-a3fe-5929-b82b-6c35f9f8ee9e	chr7:g.55151334G>A	EGFR W200*	Substitution	Stop Gained	1	4577	0.02	1	16508	0.01	HIGH				
48f5f373-a0fd-5e8b-a924-4282df98dc22	chr7:g.55198751C>T	EGFR S912=	Substitution	Synonymous	1	4577	0.02	1	16508	0.01	LOW				
49ad4f75-32fa-5821-8024-1ab2d9d8a59c	chr7:g.55170972A>C	EGFR	Substitution	Intron	1	4577	0.02	1	16508	0.01	MODIFIER				
49f55413-37a1-5ada-8012-1ef6e87aab5b	chr7:g.55161577G>A	EGFR C526Y	Substitution	Missense	1	4577	0.02	1	16508	0.01	MODERATE	deleterious	0.0	probably_damaging	0.998
4a4b8c0a-2c0b-5ccd-bccb-75a6dde19572	chr7:g.55170350A>G	EGFR	Substitution	Intron	1	4577	0.02	1	16508	0.01	MODIFIER				
4a69d27e-ffe9-5a52-ae91-493b89dc5592	chr7:g.55201297C>T	EGFR P1019L	Substitution	Missense	1	4577	0.02	1	16508	0.01	MODERATE	deleterious	0.0	probably_damaging	0.996
4af321fd-edb9-5c33-8073-15a393d07fb3	chr7:g.55201782G>T	EGFR G1054=	Substitution	Splice Region	1	4577	0.02	1	16508	0.01	LOW				
4c230dff-b0bf-5bca-a580-c9062b4c546f	chr7:g.55205567G>A	EGFR A1195T	Substitution	Missense	1	4577	0.02	1	16508	0.01	MODERATE	tolerated	0.11	benign	0.0
4c345126-2417-5aa1-a166-5ba50a803776	chr7:g.55198717G>T	EGFR G901V	Substitution	Missense	1	4577	0.02	1	16508	0.01	MODERATE	deleterious	0.0	probably_damaging	1.0
4c6b9bae-f653-5670-95ae-3540985b61ea	chr7:g.55156793C>A	EGFR Q390K	Substitution	Missense	1	4577	0.02	1	16508	0.01	MODERATE	tolerated	0.29	benign	0.0
4d021d1e-f0cc-5245-b560-6ebbd4176193	chr7:g.55198835C>T	EGFR T940=	Substitution	Synonymous	1	4577	0.02	1	16508	0.01	LOW				
4d98f86c-3e76-5b72-8956-9e47e39297cc	chr7:g.55165333C>T	EGFR V592=	Substitution	Synonymous	1	4577	0.02	1	16508	0.01	LOW				
4f9168fa-040f-5dbd-8df8-ca6479638ca0	chr7:g.55160320A>G	EGFR R494G	Substitution	Missense	1	4577	0.02	1	16508	0.01	MODERATE	deleterious	0.01	benign	0.184
4fea8173-b250-5eb6-8f80-19cf4e133386	chr7:g.55198765G>C	EGFR G917A	Substitution	Missense	1	4577	0.02	1	16508	0.01	MODERATE	deleterious	0.03	benign	0.269
500dc2c1-a646-50c9-98e0-570d5cda7127	chr7:g.55191743C>T	EGFR R832C	Substitution	Missense	1	4577	0.02	1	16508	0.01	MODERATE	deleterious	0.0	possibly_damaging	0.891
500dcadd-22bc-51ee-a771-86354052472b	chr7:g.55142313C>T	EGFR T39M	Substitution	Missense	1	4577	0.02	1	16508	0.01	MODERATE	deleterious	0.01	probably_damaging	0.925
5052b0c5-5033-5e9a-8153-f5e6d48257ae	chr7:g.55192794C>G	EGFR S885*	Substitution	Stop Gained	1	4577	0.02	1	16508	0.01	HIGH				
51501f47-f17a-5581-b7bb-b9c8250025e5	chr7:g.55161538A>G	EGFR E513G	Substitution	Missense	1	4577	0.02	1	16508	0.01	MODERATE	tolerated	1.0	benign	0.003
51e4e38b-23fd-5d31-b3f0-b501c703ff17	chr7:g.55202760C>T	EGFR	Substitution	Intron	1	4577	0.02	1	16508	0.01	MODIFIER				
530c6929-ee54-5327-b923-c5a185e1693d	chr7:g.55161621C>A	EGFR L541I	Substitution	Missense	1	4577	0.02	1	16508	0.01	MODERATE	tolerated	0.64	benign	0.0
5358fa52-06f4-55cb-bcab-f89aee5c9c1a	chr7:g.55156603C>A	EGFR F359L	Substitution	Missense	1	4577	0.02	1	16508	0.01	MODERATE	deleterious	0.0	probably_damaging	0.979
53d543db-c4c2-5316-871f-3e882f08f10b	chr7:g.55156798A>G	EGFR E391=	Substitution	Synonymous	1	4577	0.02	1	16508	0.01	LOW				
53f5bec7-6478-57ce-a6aa-b0c5802acb1b	chr7:g.55198809C>T	EGFR R932C	Substitution	Missense	1	4577	0.02	1	16508	0.01	MODERATE	deleterious	0.0	probably_damaging	1.0
5441986c-4e0b-5e51-a93b-f2fc8487b324	chr7:g.55191776G>T	EGFR V843L	Substitution	Missense	1	4577	0.02	1	16508	0.01	MODERATE	deleterious	0.0	probably_damaging	0.981
54f47f12-e69f-55a3-9263-137f97a58c47	chr7:g.55206202A>G	EGFR	Substitution	3 Prime Utr	1	4577	0.02	1	16508	0.01	MODIFIER				
55d66d3a-c31b-540b-a2a2-fc1c68241e08	chr7:g.55154030A>C	EGFR D256A	Substitution	Missense	1	4577	0.02	1	16508	0.01	MODERATE	deleterious	0.0	probably_damaging	0.992
5676ca07-a36d-55d2-bca0-7bf4dae666e3	chr7:g.55154051C>T	EGFR T263I	Substitution	Missense	1	4577	0.02	1	16508	0.01	MODERATE	tolerated	0.13	benign	0.151
57350d0f-1d70-54d5-9201-5d94d212424c	chr7:g.55154076C>T	EGFR N271=	Substitution	Synonymous	1	4577	0.02	1	16508	0.01	LOW				
5768dbf1-d7c0-530c-99dc-ae217e31a5de	chr7:g.55155879C>T	EGFR A313=	Substitution	Synonymous	1	4577	0.02	1	16508	0.01	LOW				
5a86240a-61ac-53bc-bbd9-b5ffe0006fac	chr7:g.55143323G>T	EGFR G87C	Substitution	Missense	1	4577	0.02	1	16508	0.01	MODERATE	deleterious	0.0	probably_damaging	1.0
5ae0c4df-a9ff-531c-bdfd-ecce2a108538	chr7:g.55205353A>G	EGFR P1123=	Substitution	Synonymous	1	4577	0.02	1	16508	0.01	LOW				
5b3e74fc-78b5-58c9-a438-312706c6515a	chr7:g.55170419G>C	EGFR	Substitution	Intron	1	4577	0.02	1	16508	0.01	MODIFIER				
5b4bd2f6-f770-5e14-82f2-3b6e383c1b8f	chr7:g.55160233G>A	EGFR G465R	Substitution	Missense	1	4577	0.02	1	16508	0.01	MODERATE	tolerated	0.54	benign	0.018
5b6938c3-d3f2-541e-b2d3-4cd03acae109	chr7:g.55156644C>A	EGFR P373Q	Substitution	Missense	1	4577	0.02	1	16508	0.01	MODERATE	tolerated	0.58	probably_damaging	0.946
5c611cd1-595f-5d57-b472-1d93fe2bdbfc	chr7:g.55152618A>G	EGFR N234S	Substitution	Missense	1	4577	0.02	1	16508	0.01	MODERATE	tolerated	0.26	benign	0.003
5d0dc61a-c4f4-52a1-a24c-50fc43652835	chr7:g.55201230T>G	EGFR F997V	Substitution	Missense	1	4577	0.02	1	16508	0.01	MODERATE	deleterious	0.0	possibly_damaging	0.581
5d41ea99-b743-583b-b8f1-13d9941d5a41	chr7:g.55205629A>G	EGFR	Substitution	3 Prime Utr	1	4577	0.02	1	16508	0.01	MODIFIER				
5dc84137-8173-5f00-9e0f-1f6bd9f94805	chr7:g.55142408C>A	EGFR Q71K	Substitution	Missense	1	4577	0.02	1	16508	0.01	MODERATE	tolerated	0.7	benign	0.034
5ddcf5e5-c581-5ee0-b3c5-ed10990e13e8	chr7:g.55152597C>A	EGFR S227Y	Substitution	Missense	1	4577	0.02	1	16508	0.01	MODERATE	tolerated	1.0	benign	0.039
5e56262f-ff06-5ee1-9a12-85576fb05971	chr7:g.55201755C>T	EGFR S1045=	Substitution	Synonymous	1	4577	0.02	1	16508	0.01	LOW				
5e95c5c2-5fb1-5c48-b0d8-80cea16e1aa2	chr7:g.55157751A>T	EGFR Q432H	Substitution	Missense	1	4577	0.02	1	16508	0.01	MODERATE	tolerated	0.42	benign	0.01
5ee1f832-8a08-5ab0-930e-14838a55e40a	chr7:g.55205424T>C	EGFR V1147A	Substitution	Missense	1	4577	0.02	1	16508	0.01	MODERATE	tolerated	0.6	benign	0.0
5ef032a7-0a41-5e58-a3a9-1b64a217d459	chr7:g.55154068C>G	EGFR L269V	Substitution	Missense	1	4577	0.02	1	16508	0.01	MODERATE	tolerated	1.0	benign	0.001
5f32127a-71a1-5c94-83c3-7ad1c624968e	chr7:g.55198839G>A	EGFR D942N	Substitution	Missense	1	4577	0.02	1	16508	0.01	MODERATE	deleterious	0.0	probably_damaging	0.999
60712717-c2d8-599f-97f8-efc80b6f89c5	chr7:g.55157687C>G	EGFR P411R	Substitution	Missense	1	4577	0.02	1	16508	0.01	MODERATE	deleterious	0.0	probably_damaging	1.0
61c3237b-7650-5bf0-8dfb-78306a8cfc87	chr7:g.55181441C>G	EGFR S811C	Substitution	Missense	1	4577	0.02	1	16508	0.01	MODERATE	deleterious	0.04	probably_damaging	1.0
61ea5e60-a107-5aa6-99f1-8de4307189b6	chr7:g.55174817C>T	EGFR L760=	Substitution	Synonymous	1	4577	0.02	1	16508	0.01	LOW				
62457c6a-2de0-55d9-8da6-2ea6948f9019	chr7:g.55146656G>A	EGFR V159M	Substitution	Missense	1	4577	0.02	1	16508	0.01	MODERATE	tolerated	0.21	benign	0.007
631ac7e8-1f7a-5806-a4f4-5716bcc2ff98	chr7:g.55156760G>A	EGFR D379N	Substitution	Missense	1	4577	0.02	1	16508	0.01	MODERATE	deleterious	0.04	probably_damaging	0.968
638e86e7-06a9-5492-b4aa-e7e4ec7d2dee	chr7:g.55181335C>T	EGFR R776C	Substitution	Missense	1	4577	0.02	1	16508	0.01	MODERATE	deleterious	0.0	probably_damaging	1.0
64039abd-2ea1-5d34-9aba-ebb1f1dec846	chr7:g.55146623G>A	EGFR V148M	Substitution	Missense	1	4577	0.02	1	16508	0.01	MODERATE	deleterious	0.0	probably_damaging	0.998
64a4fdc6-bf2e-56b7-9288-7e8524e22330	chr7:g.55198815C>T	EGFR P934S	Substitution	Missense	1	4577	0.02	1	16508	0.01	MODERATE	deleterious	0.03	possibly_damaging	0.46
65dfbd4a-42c8-59b3-9183-448f9b26e6cc	chr7:g.55165348delAGG	EGFR G598del	Deletion	Inframe Deletion	1	4577	0.02	1	16508	0.01	MODERATE				
65fdfe4e-e1c9-53d5-ac26-cf84cd20a189	chr7:g.55170585T>C	EGFR	Substitution	Intron	1	4577	0.02	1	16508	0.01	MODIFIER				
666c515a-836f-5783-aaef-f8f6c089ba30	chr7:g.55154105C>A	EGFR P281H	Substitution	Missense	1	4577	0.02	1	16508	0.01	MODERATE	tolerated	0.05	possibly_damaging	0.587
66d99869-f4ef-5561-b8b0-c2decf7270de	chr7:g.55200392C>T	EGFR P975=	Substitution	Synonymous	1	4577	0.02	1	16508	0.01	LOW				
67219607-c546-5615-9955-b53e3114b26b	chr7:g.55156814A>C	EGFR T397P	Substitution	Missense	1	4577	0.02	1	16508	0.01	MODERATE	deleterious	0.0	probably_damaging	0.977
6785362a-50af-595f-bb34-9d029f236e46	chr7:g.55165350G>C	EGFR G598A	Substitution	Missense	1	4577	0.02	1	16508	0.01	MODERATE	deleterious	0.01	probably_damaging	0.97
67e02af4-bb6c-58fc-b60b-e90a838670fb	chr7:g.55163734G>C	EGFR E545Q	Substitution	Missense	1	4577	0.02	1	16508	0.01	MODERATE	tolerated	0.07	benign	0.058
68115eee-44a8-59ca-9b0a-ca932ce3c438	chr7:g.55170402G>A	EGFR	Substitution	Intron	1	4577	0.02	1	16508	0.01	MODIFIER				
6822d270-daad-5dce-bc83-2fc7b815f59e	chr7:g.55156599A>G	EGFR H358R	Substitution	Missense	1	4577	0.02	1	16508	0.01	MODERATE	tolerated	0.37	benign	0.0
697d8eb5-6357-5609-a6d2-d4f64e4062ca	chr7:g.55198798A>T	EGFR E928V	Substitution	Missense	1	4577	0.02	1	16508	0.01	MODERATE	deleterious	0.0	probably_damaging	1.0
69b66834-0762-5236-a40c-945d004e6343	chr7:g.55202575C>T	EGFR T1074I	Substitution	Missense	1	4577	0.02	1	16508	0.01	MODERATE	deleterious	0.0	benign	0.091
69c6877f-6d46-57fc-b34b-8ab456649bff	chr7:g.55205389C>A	EGFR N1135K	Substitution	Missense	1	4577	0.02	1	16508	0.01	MODERATE	tolerated	0.16	benign	0.085
69fa9cde-42fd-5c54-8c8f-1e1d1ad0109e	chr7:g.55143308A>G	EGFR I82V	Substitution	Missense	1	4577	0.02	1	16508	0.01	MODERATE	deleterious	0.02	possibly_damaging	0.703
6a0feb69-3276-53d4-bbb1-ed493f919261	chr7:g.55205399C>T	EGFR L1139F	Substitution	Missense	1	4577	0.02	1	16508	0.01	MODERATE	deleterious	0.0	possibly_damaging	0.901
6ba93878-4520-5b49-9d73-c1e2b8d11975	chr7:g.55157712C>A	EGFR A419=	Substitution	Synonymous	1	4577	0.02	1	16508	0.01	LOW				
6d427e53-28a8-52f8-a4c3-e18ec12ddfb7	chr7:g.55191730C>A	EGFR Y827*	Substitution	Stop Gained	1	4577	0.02	1	16508	0.01	HIGH				
6d75c357-ab4a-5565-9492-45dae51143a8	chr7:g.55151341G>T	EGFR G203*	Substitution	Stop Gained	1	4577	0.02	1	16508	0.01	HIGH				
6e82ed66-d1d5-5576-8724-bccc1611f981	chr7:g.55156539A>T	EGFR N338I	Substitution	Missense	1	4577	0.02	1	16508	0.01	MODERATE	deleterious	0.01	benign	0.16
703cbc75-8d2d-52d4-8626-997697f62f0d	chr7:g.55160180C>T	EGFR S447F	Substitution	Missense	1	4577	0.02	1	16508	0.01	MODERATE	tolerated	0.24	probably_damaging	0.993
7072f7ea-3760-5893-ba90-8c49de547f77	chr7:g.55168525C>T	EGFR	Substitution	Intron	1	4577	0.02	1	16508	0.01	MODIFIER				
7086f8f9-0539-5855-b368-2d96215ebc92	chr7:g.55152600C>T	EGFR P228L	Substitution	Missense	1	4577	0.02	1	16508	0.01	MODERATE	tolerated	0.07	probably_damaging	0.969
70cd7a4b-2313-5269-9e84-ad425299e3dc	chr7:g.55191744G>A	EGFR R832H	Substitution	Missense	1	4577	0.02	1	16508	0.01	MODERATE	tolerated	0.27	possibly_damaging	0.815
71c1d958-3c30-523c-aac8-eaded81df2fc	chr7:g.55142385G>A	EGFR G63E	Substitution	Missense	1	4577	0.02	1	16508	0.01	MODERATE	tolerated	0.28	probably_damaging	0.997
720ef751-6ce1-5782-a39c-5e7d2c4fca65	chr7:g.55173975A>C	EGFR I706L	Substitution	Missense	1	4577	0.02	1	16508	0.01	MODERATE	deleterious	0.02	benign	0.3
721c66df-9a1e-5791-bda9-3d9d7f21211c	chr7:g.55156630T>A	EGFR D368E	Substitution	Missense	1	4577	0.02	1	16508	0.01	MODERATE	deleterious	0.01	possibly_damaging	0.459
72c9eea6-7f11-5112-b1b9-2c9062240c74	chr7:g.55191819G>A	EGFR G857E	Substitution	Missense	1	4577	0.02	1	16508	0.01	MODERATE	deleterious	0.0	probably_damaging	1.0
737af20d-a4e8-5d2a-a4b4-d79dfe42851e	chr7:g.55019296G>A	EGFR A7T	Substitution	Missense	1	4577	0.02	1	16508	0.01	MODERATE	tolerated	0.43	benign	0.0
74a6b17f-e96b-5edc-933d-4fb08bf19802	chr7:g.55191749G>C	EGFR V834L	Substitution	Missense	1	4577	0.02	1	16508	0.01	MODERATE	deleterious	0.03	probably_damaging	0.98
74b9b549-27b9-5ca4-a065-0a26d44747f5	chr7:g.55202596G>A	EGFR S1081N	Substitution	Missense	1	4577	0.02	1	16508	0.01	MODERATE	tolerated	0.48	benign	0.0
74c30c52-c594-59e4-ae55-913259f0b859	chr7:g.55160245T>G	EGFR L469V	Substitution	Missense	1	4577	0.02	1	16508	0.01	MODERATE	deleterious	0.0	probably_damaging	1.0
759b9763-3cac-5bd7-b152-c0ddac0193bc	chr7:g.55205475A>G	EGFR Q1164R	Substitution	Missense	1	4577	0.02	1	16508	0.01	MODERATE	tolerated	0.69	benign	0.037
75a35ab3-a3df-5f73-b0f1-3313fbeadb7a	chr7:g.55161507G>A	EGFR G503S	Substitution	Missense	1	4577	0.02	1	16508	0.01	MODERATE	deleterious	0.03	benign	0.392
75ba5427-b405-530c-a226-967deb50b3ea	chr7:g.55019337G>A	EGFR P20=	Substitution	Synonymous	1	4577	0.02	1	16508	0.01	LOW				
76742316-b305-5c45-9196-d8d07d6571d0	chr7:g.55191748G>T	EGFR L833F	Substitution	Missense	1	4577	0.02	1	16508	0.01	MODERATE	deleterious	0.0	probably_damaging	0.997
7a65d321-4008-55bd-becc-d3e07bd52f79	chr7:g.55181623C>G	EGFR	Substitution	Intron	1	4577	0.02	1	16508	0.01	MODIFIER				
7b5f2a70-6e9d-5f92-9286-92ea0e018963	chr7:g.55170515G>A	EGFR	Substitution	Intron	1	4577	0.02	1	16508	0.01	MODIFIER				
7bdce6ed-ac7d-5136-9297-05353bfbf397	chr7:g.55154070C>T	EGFR L269=	Substitution	Synonymous	1	4577	0.02	1	16508	0.01	LOW				
7d42f7fb-fd10-59b5-b64e-b29843d8585f	chr7:g.55170521A>T	EGFR	Substitution	Intron	1	4577	0.02	1	16508	0.01	MODIFIER				
7f1f8782-16a6-5dcb-b57c-d1bb740a6f22	chr7:g.55146608A>C	EGFR I143L	Substitution	Missense	1	4577	0.02	1	16508	0.01	MODERATE	deleterious	0.02	probably_damaging	0.935
7fbabb96-0d12-56b3-a9d5-513e791b0f7f	chr7:g.55157736C>T	EGFR R427=	Substitution	Synonymous	1	4577	0.02	1	16508	0.01	LOW				
8051110a-f5f2-522b-9853-1dd98f3c27ba	chr7:g.55181314G>A	EGFR V769M	Substitution	Missense	1	4577	0.02	1	16508	0.01	MODERATE	tolerated	0.33	probably_damaging	0.947
8083930b-6163-5d7f-bbfb-f70084db8810	chr7:g.55161577G>C	EGFR C526S	Substitution	Missense	1	4577	0.02	1	16508	0.01	MODERATE	deleterious	0.0	probably_damaging	0.986
817c4982-f597-5916-b0da-6d87521c48d9	chr7:g.55154016C>T	EGFR C251=	Substitution	Synonymous	1	4577	0.02	1	16508	0.01	LOW				
8197883d-f895-52bc-a565-d03e3ea07213	chr7:g.55154136C>T	EGFR C291=	Substitution	Synonymous	1	4577	0.02	1	16508	0.01	LOW				
821f42b8-e66b-521c-9db0-bdf9459d81b4	chr7:g.55154085G>A	EGFR T274=	Substitution	Synonymous	1	4577	0.02	1	16508	0.01	LOW				
82b07525-72a0-5a1b-b79a-37c699852983	chr7:g.55168555C>A	EGFR	Substitution	Intron	1	4577	0.02	1	16508	0.01	MODIFIER				
82d97d0d-0a42-5f05-a13c-ea6f7949e680	chr7:g.55208069G>C	EGFR	Substitution	3 Prime Utr	1	4577	0.02	1	16508	0.01	MODIFIER				
847570bb-9b10-5e62-85e9-30bc2e4f4293	chr7:g.55165319G>A	EGFR G588S	Substitution	Missense	1	4577	0.02	1	16508	0.01	MODERATE	deleterious	0.03	possibly_damaging	0.792
85b2a889-a55b-5ef2-84cf-b3adaf859c48	chr7:g.55202589G>A	EGFR E1079K	Substitution	Missense	1	4577	0.02	1	16508	0.01	MODERATE	tolerated	0.22	benign	0.046
85baca81-2545-5edd-83de-ed780397f556	chr7:g.55174776delTTAAGAGAAGCAACATCTCC	EGFR L747_P753delinsQ	Deletion	Protein Altering	1	4577	0.02	1	16508	0.01	MODERATE				
8678368d-a48e-55e6-8112-0d2930554896	chr7:g.55165417C>G	EGFR C620W	Substitution	Missense	1	4577	0.02	1	16508	0.01	MODERATE	deleterious	0.0	probably_damaging	0.999
86a2bc85-4d22-5986-b901-86d3b5a6e489	chr7:g.55163778delCCCAGAGTGCCTGCCTCAGG	EGFR P560Hfs*21	Deletion	Frameshift	1	4577	0.02	1	16508	0.01	HIGH				
86b2cca6-63d8-587b-ac0c-f13f3d31edda	chr7:g.55170520C>T	EGFR	Substitution	Intron	1	4577	0.02	1	16508	0.01	MODIFIER				
86c68777-1e10-55ae-9750-3e862e87a2fa	chr7:g.55205351C>T	EGFR P1123S	Substitution	Missense	1	4577	0.02	1	16508	0.01	MODERATE	tolerated	0.52	benign	0.001
87720ae0-e42c-5a6c-96dc-0c06bb2d3b7d	chr7:g.55201273T>A	EGFR V1011E	Substitution	Missense	1	4577	0.02	1	16508	0.01	MODERATE	deleterious	0.03	possibly_damaging	0.7
87b487e2-d966-52c8-ab20-8c529a82a741	chr7:g.55191861C>G	EGFR A871G	Substitution	Missense	1	4577	0.02	1	16508	0.01	MODERATE	deleterious	0.04	probably_damaging	0.921
87e14a29-7386-5190-822e-66414f8d5ac4	chr7:g.55170523C>T	EGFR	Substitution	Intron	1	4577	0.02	1	16508	0.01	MODIFIER				
886f39dd-64cd-5ceb-8eb1-f87462a38c5d	chr7:g.55146700C>G	EGFR L173=	Substitution	Synonymous	1	4577	0.02	1	16508	0.01	LOW				
89d4d3c5-5255-5fcb-a5e2-dd9a91cb3781	chr7:g.55160230T>C	EGFR S464P	Substitution	Missense	1	4577	0.02	1	16508	0.01	MODERATE	tolerated	0.2	possibly_damaging	0.562
8a82cb73-34fd-5ceb-a9b8-5e3c8f06287f	chr7:g.55198779G>A	EGFR E922K	Substitution	Missense	1	4577	0.02	1	16508	0.01	MODERATE	deleterious	0.05	possibly_damaging	0.701
8af982d4-93df-520a-9350-7684f8a6103c	chr7:g.55191746T>G	EGFR L833V	Substitution	Missense	1	4577	0.02	1	16508	0.01	MODERATE	deleterious	0.0	possibly_damaging	0.782
8b48434e-874f-554f-9bea-d81c49b231be	chr7:g.55170473T>A	EGFR	Substitution	Intron	1	4577	0.02	1	16508	0.01	MODIFIER				
8bae65e5-dae8-5ec7-9dc3-1453d33e3c88	chr7:g.55170322delTC	EGFR	Deletion	Intron	1	4577	0.02	1	16508	0.01	MODIFIER				
8bd04844-be56-5f8c-b1a2-b7586578c9c4	chr7:g.55156656G>A	EGFR R377K	Substitution	Missense	1	4577	0.02	1	16508	0.01	MODERATE	tolerated	1.0	benign	0.0
8bea9663-ea1d-5912-904f-921ce3455676	chr7:g.55170444C>G	EGFR	Substitution	Intron	1	4577	0.02	1	16508	0.01	MODIFIER				
8c5201c6-221f-58d7-b02a-b52b0a9a2506	chr7:g.55155938delGCC	EGFR R334del	Deletion	Inframe Deletion	1	4577	0.02	1	16508	0.01	MODERATE				
8cdeb309-8369-5dcd-82c4-1172e306f20c	chr7:g.55156784C>A	EGFR L387M	Substitution	Missense	1	4577	0.02	1	16508	0.01	MODERATE	tolerated	0.28	probably_damaging	0.981
8d717343-3eff-547b-80ab-82122c0761b1	chr7:g.55173984G>A	EGFR E709K	Substitution	Missense	1	4577	0.02	1	16508	0.01	MODERATE	deleterious	0.01	possibly_damaging	0.618
8ddbd870-5814-507e-819b-2935191a0366	chr7:g.55202553C>T	EGFR Q1067*	Substitution	Stop Gained	1	4577	0.02	1	16508	0.01	HIGH				
8de79731-a279-5a22-886e-a1b4a4bfa735	chr7:g.55143363C>A	EGFR P100H	Substitution	Missense	1	4577	0.02	1	16508	0.01	MODERATE	tolerated	0.05	possibly_damaging	0.771
8e85791a-ef0a-5c90-bf39-76c985cc469e	chr7:g.55155838G>A	EGFR V300M	Substitution	Missense	1	4577	0.02	1	16508	0.01	MODERATE	deleterious	0.0	probably_damaging	0.994
8ed76818-24ed-5e74-80b3-5be0b0b466cf	chr7:g.55191789C>A	EGFR T847K	Substitution	Missense	1	4577	0.02	1	16508	0.01	MODERATE	deleterious	0.0	possibly_damaging	0.555
90d65085-cc5a-57b2-acb6-bc8b262ae56b	chr7:g.55174796G>T	EGFR P753=	Substitution	Synonymous	1	4577	0.02	1	16508	0.01	LOW				
911c72be-f691-5b01-84ce-c1e41c9ef31a	chr7:g.55198764G>A	EGFR G917R	Substitution	Missense	1	4577	0.02	1	16508	0.01	MODERATE	deleterious	0.0	probably_damaging	0.99
92338031-dd3b-5a1f-b30f-a4f18881c0b1	chr7:g.55142393delGAAATTACCTATGTGCAGAGGAATTAT	EGFR E66_Y74del	Deletion	Inframe Deletion	1	4577	0.02	1	16508	0.01	MODERATE				
932e1a6b-0818-59eb-8a21-328ab44ae452	chr7:g.55160296C>T	EGFR Q486*	Substitution	Stop Gained	1	4577	0.02	1	16508	0.01	HIGH				
937416a3-e62b-5797-ba99-16c9d7de1ae3	chr7:g.55172994C>T	EGFR P644L	Substitution	Missense	1	4577	0.02	1	16508	0.01	MODERATE	tolerated	0.07	benign	0.138
9376afb8-1ca9-5f38-9f42-4b833212754a	chr7:g.55174772delGGAATTAAGAGAAGCAA	EGFR E746_T751delinsIP	Deletion	Protein Altering	1	4577	0.02	1	16508	0.01	MODERATE				
93986191-ec6e-5eff-bae9-dbca8c34987d	chr7:g.55171208G>A	EGFR T638=	Substitution	Synonymous	1	4577	0.02	1	16508	0.01	LOW				
93faa431-8e4a-50c2-9a2c-95d95b0be930	chr7:g.55173082C>T	EGFR I673=	Substitution	Synonymous	1	4577	0.02	1	16508	0.01	LOW				
942a9238-b87d-5de9-8c31-95f5e4ffbba7	chr7:g.55210558A>G	EGFR	Substitution	3 Prime Utr	1	4577	0.02	1	16508	0.01	MODIFIER				
94892967-3cba-5136-bd2d-df0d84ead20a	chr7:g.55181385C>G	EGFR L792=	Substitution	Synonymous	1	4577	0.02	1	16508	0.01	LOW				
94c26e63-6500-518f-8304-6140f89f67e2	chr7:g.55173086C>T	EGFR R675W	Substitution	Missense	1	4577	0.02	1	16508	0.01	MODERATE	deleterious	0.02	probably_damaging	0.999
9547948d-a8ea-566b-842c-4bbdce655331	chr7:g.55143317G>A	EGFR V85M	Substitution	Missense	1	4577	0.02	1	16508	0.01	MODERATE	deleterious	0.0	probably_damaging	1.0
957ce1e0-ae24-5ba3-8d46-753acc106709	chr7:g.55151361A>G	EGFR K209=	Substitution	Splice Region	1	4577	0.02	1	16508	0.01	LOW				
9707a4b7-1a9f-5feb-8593-d7fdcdcf31eb	chr7:g.55200341C>A	EGFR R958=	Substitution	Synonymous	1	4577	0.02	1	16508	0.01	LOW				
97375542-2ef4-5019-a9ad-98d30cc1dc26	chr7:g.55151295C>T	EGFR C187=	Substitution	Splice Region	1	4577	0.02	1	16508	0.01	LOW				
99097c02-012e-5394-9705-0c2b0b953fc7	chr7:g.55165367A>G	EGFR N604D	Substitution	Missense	1	4577	0.02	1	16508	0.01	MODERATE	tolerated	0.85	benign	0.0
9a12641f-f608-5508-90ea-1d95d3d670f0	chr7:g.55161621C>T	EGFR L541F	Substitution	Missense	1	4577	0.02	1	16508	0.01	MODERATE	tolerated	0.2	benign	0.0
9aa5dd8a-2907-535d-a5c0-7ea3276f5f4d	chr7:g.55152582G>T	EGFR R222L	Substitution	Missense	1	4577	0.02	1	16508	0.01	MODERATE	deleterious	0.0	probably_damaging	1.0
9ae1ad54-1cef-55c4-996b-64ffe1de2ba7	chr7:g.55163772G>A	EGFR Q557=	Substitution	Synonymous	1	4577	0.02	1	16508	0.01	LOW				
9b476d98-4853-5a92-b465-f56d5f6acafc	chr7:g.55173001C>T	EGFR I646=	Substitution	Synonymous	1	4577	0.02	1	16508	0.01	LOW				
9d9df61b-3849-535b-a43b-f8ae04e0c2bd	chr7:g.55200339C>T	EGFR R958C	Substitution	Missense	1	4577	0.02	1	16508	0.01	MODERATE	deleterious	0.0	probably_damaging	1.0
9eec89c1-37cc-594d-8a0b-f67e476109ab	chr7:g.55205437C>A	EGFR F1151L	Substitution	Missense	1	4577	0.02	1	16508	0.01	MODERATE	tolerated	0.16	benign	0.0
9f2f18df-af93-5702-87cb-7e0ed2c219ca	chr7:g.55163818G>T	EGFR G573*	Substitution	Stop Gained	1	4577	0.02	1	16508	0.01	HIGH				
9f62a7af-d7e4-5621-8375-273ef2e28213	chr7:g.55152544A>G	EGFR X210_splice	Substitution	Splice Acceptor	1	4577	0.02	1	16508	0.01	HIGH				
9f85474e-cceb-5de9-b422-32fb2314f2ec	chr7:g.55143331C>T	EGFR V89=	Substitution	Synonymous	1	4577	0.02	1	16508	0.01	LOW				
9fe0aef7-9068-5f83-87b4-9a0091ebd041	chr7:g.55155911G>A	EGFR R324H	Substitution	Missense	1	4577	0.02	1	16508	0.01	MODERATE	tolerated	0.06	benign	0.129
a05bfa61-513e-5a44-b595-f60214fef679	chr7:g.55172995G>C	EGFR P644=	Substitution	Synonymous	1	4577	0.02	1	16508	0.01	LOW				
a1acad63-7a30-5574-9699-ac5357bd4da3	chr7:g.55161533C>T	EGFR S511=	Substitution	Synonymous	1	4577	0.02	1	16508	0.01	LOW				
a2a3ba96-40d8-58e6-a068-0f5498e231e5	chr7:g.55210673C>T	EGFR	Substitution	3 Prime Utr	1	4577	0.02	1	16508	0.01	MODIFIER				
a2eb90f1-7eb6-5529-b215-a4676b2e89cd	chr7:g.55170453C>T	EGFR	Substitution	Intron	1	4577	0.02	1	16508	0.01	MODIFIER				
a39dc87f-0ea8-51cb-bab5-e6ccc107e8e5	chr7:g.55154130C>T	EGFR A289=	Substitution	Synonymous	1	4577	0.02	1	16508	0.01	LOW				
a40b4d8e-fb77-586e-b3c8-f684b2e139e8	chr7:g.55165297C>A	EGFR I580=	Substitution	Synonymous	1	4577	0.02	1	16508	0.01	LOW				
a41e71a8-89d4-5513-a1dd-7c7c863513be	chr7:g.55146726A>G	EGFR N182S	Substitution	Missense	1	4577	0.02	1	16508	0.01	MODERATE	tolerated	0.71	benign	0.0
a52dd613-d44f-596d-9fa4-8986bfd506c8	chr7:g.55205329G>A	EGFR L1115=	Substitution	Synonymous	1	4577	0.02	1	16508	0.01	LOW				
a5d21098-cfe6-5944-aa99-c8616ae8932d	chr7:g.55143412C>T	EGFR S116=	Substitution	Synonymous	1	4577	0.02	1	16508	0.01	LOW				
a5e99f23-1182-5b47-b805-a4c3df7dea58	chr7:g.55174797delAAAGCCAACAAGGAAATC	EGFR K754_I759del	Deletion	Inframe Deletion	1	4577	0.02	1	16508	0.01	MODERATE				
a62e9fe5-4789-53d3-a571-7798c172b988	chr7:g.55174730G>A	EGFR W731*	Substitution	Stop Gained	1	4577	0.02	1	16508	0.01	HIGH				
a6731038-c0dd-5278-8e69-e2c447b3430e	chr7:g.55143337T>C	EGFR I91=	Substitution	Synonymous	1	4577	0.02	1	16508	0.01	LOW				
a73086c3-2cf9-545f-ba41-fa6a296859fd	chr7:g.55155895G>T	EGFR E319*	Substitution	Stop Gained	1	4577	0.02	1	16508	0.01	HIGH				
a791f0d7-61a8-5a07-bcaa-1ef76f3ca50f	chr7:g.55152632G>A	EGFR G239S	Substitution	Missense	1	4577	0.02	1	16508	0.01	MODERATE	deleterious	0.0	probably_damaging	0.994
a87c1de9-7a43-5c5f-b3ca-7600bccc100c	chr7:g.55156586delACGAATATTAAACACTTCAA	EGFR T354Kfs*17	Deletion	Frameshift	1	4577	0.02	1	16508	0.01	HIGH				
a912a5c8-fe2e-58fb-8635-83ca477cd0e6	chr7:g.55161592G>A	EGFR R531Q	Substitution	Missense	1	4577	0.02	1	16508	0.01	MODERATE	deleterious	0.0	probably_damaging	0.979
a941af65-4308-59e0-b7ef-1064463b793b	chr7:g.55160234G>A	EGFR G465E	Substitution	Missense	1	4577	0.02	1	16508	0.01	MODERATE	tolerated	0.53	benign	0.057
ab33cddd-212b-5d75-854f-ab7314698e3a	chr7:g.55209742A>T	EGFR	Substitution	3 Prime Utr	1	4577	0.02	1	16508	0.01	MODIFIER				
ab9bc46a-29be-516c-b813-e4b9d134f464	chr7:g.55205411C>T	EGFR Q1143*	Substitution	Stop Gained	1	4577	0.02	1	16508	0.01	HIGH				
abea10e7-b912-5129-b7d1-c6395867f150	chr7:g.55174818G>A	EGFR D761N	Substitution	Missense	1	4577	0.02	1	16508	0.01	MODERATE	deleterious	0.0	probably_damaging	0.923
ac8425ab-1509-5b7e-83f0-b2708f88a7f8	chr7:g.55205488C>T	EGFR D1168=	Substitution	Synonymous	1	4577	0.02	1	16508	0.01	LOW				
acdd7124-889e-5320-a484-328f89c8a96f	chr7:g.55163821C>T	EGFR R574W	Substitution	Missense	1	4577	0.02	1	16508	0.01	MODERATE	deleterious	0.0	possibly_damaging	0.741
ad44d0f4-3474-508e-80b2-40c9e204041e	chr7:g.55156837G>C	EGFR	Substitution	Splice Region	1	4577	0.02	1	16508	0.01	LOW				
add00f60-9244-53c2-9a27-1a39f1f51405	chr7:g.55201188G>A	EGFR G983R	Substitution	Missense	1	4577	0.02	1	16508	0.01	MODERATE	deleterious	0.05	benign	0.375
ae46426a-a308-5e44-bff9-07ecd90ba446	chr7:g.55155847G>A	EGFR D303N	Substitution	Missense	1	4577	0.02	1	16508	0.01	MODERATE	deleterious	0.01	possibly_damaging	0.724
aeccaaba-f677-58ac-921a-3264466df19e	chr7:g.55165343C>T	EGFR P596S	Substitution	Missense	1	4577	0.02	1	16508	0.01	MODERATE	deleterious	0.0	probably_damaging	0.93
aefffa30-7d9f-5f81-997f-4a81bcc0bd02	chr7:g.55152547G>T	EGFR L210=	Substitution	Splice Region	1	4577	0.02	1	16508	0.01	LOW				
b0f1f524-4ab4-558f-ab28-dac54a7395bf	chr7:g.55156764C>A	EGFR S380Y	Substitution	Missense	1	4577	0.02	1	16508	0.01	MODERATE	deleterious	0.0	possibly_damaging	0.563
b1afcaa8-8fbc-5c86-a2bc-10779e423232	chr7:g.55154039C>T	EGFR T259M	Substitution	Missense	1	4577	0.02	1	16508	0.01	MODERATE	tolerated	0.1	probably_damaging	0.979
b2e61143-b9e0-5554-b964-c8c3742477dc	chr7:g.55154029G>T	EGFR D256Y	Substitution	Missense	1	4577	0.02	1	16508	0.01	MODERATE	deleterious	0.0	probably_damaging	0.969
b3655c88-445d-5d47-b733-1404b5fd68c5	chr7:g.55155881A>G	EGFR D314G	Substitution	Missense	1	4577	0.02	1	16508	0.01	MODERATE	tolerated	0.26	benign	0.031
b39a0f5f-ab82-54f8-92bc-452da622e5d3	chr7:g.55143362C>T	EGFR P100S	Substitution	Missense	1	4577	0.02	1	16508	0.01	MODERATE	deleterious	0.01	probably_damaging	0.922
b3ca39e4-67fb-5cb5-a53a-fbf3bd7f3c1f	chr7:g.55173990G>A	EGFR E711K	Substitution	Missense	1	4577	0.02	1	16508	0.01	MODERATE	deleterious	0.0	possibly_damaging	0.482
b3f527e3-6a00-5ab6-9be1-2e9fc0c11518	chr7:g.55143313G>A	EGFR Q83=	Substitution	Synonymous	1	4577	0.02	1	16508	0.01	LOW				
b412c58d-17aa-54b3-8772-76936edcc28c	chr7:g.55170431G>A	EGFR	Substitution	Intron	1	4577	0.02	1	16508	0.01	MODIFIER				
b5569a2b-1a7a-5788-a508-6b2e7aed2838	chr7:g.55201333G>A	EGFR R1031Q	Substitution	Missense	1	4577	0.02	1	16508	0.01	MODERATE	tolerated	0.16	possibly_damaging	0.862
b5f233f9-c84d-590b-9e1f-9e02b3f61b32	chr7:g.55174776T>G	EGFR L747V	Substitution	Missense	1	4577	0.02	1	16508	0.01	MODERATE	deleterious	0.03	probably_damaging	0.97
b6563b6d-4d65-51f5-a95c-fab6a79489c3	chr7:g.55173939C>T	EGFR P694S	Substitution	Missense	1	4577	0.02	1	16508	0.01	MODERATE	deleterious	0.0	probably_damaging	0.994
b693a4cd-2270-503d-bef4-f0b263f5c679	chr7:g.55202603delC	EGFR D1083Efs*11	Deletion	Frameshift	1	4577	0.02	1	16508	0.01	HIGH				
b694cc3f-7650-5e1c-86c1-0cc242df4a31	chr7:g.55205483C>A	EGFR L1167M	Substitution	Missense	1	4577	0.02	1	16508	0.01	MODERATE	tolerated	0.12	probably_damaging	0.929
b6ea51d9-6658-5557-8e9c-6016fb6816f7	chr7:g.55209619G>A	EGFR	Substitution	3 Prime Utr	1	4577	0.02	1	16508	0.01	MODIFIER				
b6f65954-b69e-502d-bec0-3ee59fad5d18	chr7:g.55154054_55154055insC	EGFR L267Tfs*32	Insertion	Frameshift	1	4577	0.02	1	16508	0.01	HIGH				
b88702a0-5598-57d4-8fea-ae29f73ad49e	chr7:g.55173115G>T	EGFR Q684H	Substitution	Missense	1	4577	0.02	1	16508	0.01	MODERATE	deleterious	0.02	probably_damaging	0.968
bc85a3ce-aa42-5091-808a-d563c182ce01	chr7:g.55154045A>G	EGFR K261R	Substitution	Missense	1	4577	0.02	1	16508	0.01	MODERATE	tolerated	0.55	probably_damaging	0.953
bca61a3e-6edb-554a-8e2e-ac8f70e9d596	chr7:g.55154090A>T	EGFR Q276L	Substitution	Missense	1	4577	0.02	1	16508	0.01	MODERATE	deleterious	0.01	possibly_damaging	0.721
bd0a0dd3-0b27-5adb-abd4-e54ff91e0c41	chr7:g.55152588G>A	EGFR R224H	Substitution	Missense	1	4577	0.02	1	16508	0.01	MODERATE	tolerated	0.15	possibly_damaging	0.731
bd7ee97b-c9bb-567f-830b-7d72c55f73ce	chr7:g.55205587G>A	EGFR A1201=	Substitution	Synonymous	1	4577	0.02	1	16508	0.01	LOW				
bda4b7ee-795d-50ea-b1d4-9497fbc4a9ca	chr7:g.55155895G>A	EGFR E319K	Substitution	Missense	1	4577	0.02	1	16508	0.01	MODERATE	tolerated	0.08	possibly_damaging	0.887
be233d47-809c-5215-a2c7-2701071f2124	chr7:g.55201771G>A	EGFR D1051N	Substitution	Missense	1	4577	0.02	1	16508	0.01	MODERATE	tolerated	0.6	benign	0.001
beb8b511-e553-5fec-b641-f2d7d431faa5	chr7:g.55156823G>A	EGFR E400K	Substitution	Missense	1	4577	0.02	1	16508	0.01	MODERATE	deleterious	0.02	probably_damaging	0.996
bf882510-337f-516a-80b8-7f0d9f252fff	chr7:g.55154023T>A	EGFR F254I	Substitution	Missense	1	4577	0.02	1	16508	0.01	MODERATE	deleterious	0.0	probably_damaging	0.996
c03e17ed-bd93-5b84-bccc-45650bb73b87	chr7:g.55155852C>T	EGFR H304=	Substitution	Synonymous	1	4577	0.02	1	16508	0.01	LOW				
c08c97b7-c09e-53ae-a0c5-ec1cb7fdc638	chr7:g.55191804A>C	EGFR K852T	Substitution	Missense	1	4577	0.02	1	16508	0.01	MODERATE	deleterious	0.01	probably_damaging	1.0
c0db1a89-cfbf-5d7c-89c2-d4c34d1f9902	chr7:g.55161548G>C	EGFR W516C	Substitution	Missense	1	4577	0.02	1	16508	0.01	MODERATE	deleterious	0.0	probably_damaging	0.999
c11e6b69-2081-5681-b4bf-8a2c082883ac	chr7:g.55205468A>T	EGFR S1162C	Substitution	Missense	1	4577	0.02	1	16508	0.01	MODERATE	deleterious	0.04	benign	0.294
c17e8685-0f29-5901-9e70-f8f6f930e6dd	chr7:g.55201289C>A	EGFR Y1016*	Substitution	Stop Gained	1	4577	0.02	1	16508	0.01	HIGH				
c1cb95cb-fe54-512e-8635-00d4fb4bf55d	chr7:g.55157735G>A	EGFR R427H	Substitution	Missense	1	4577	0.02	1	16508	0.01	MODERATE	tolerated	0.07	possibly_damaging	0.888
c20548ac-512e-58fe-8cd1-23278eca4fce	chr7:g.55205334C>A	EGFR P1117H	Substitution	Missense	1	4577	0.02	1	16508	0.01	MODERATE	tolerated	0.1	benign	0.213
c301eb11-b620-5b6b-be85-92d949e508d9	chr7:g.55205416C>G	EGFR P1144=	Substitution	Synonymous	1	4577	0.02	1	16508	0.01	LOW				
c4652e5f-3bfe-5fcf-b371-cc74c79b7a3b	chr7:g.55202585G>A	EGFR L1077=	Substitution	Synonymous	1	4577	0.02	1	16508	0.01	LOW				
c486f42f-6a37-552c-9f96-18d840df8e54	chr7:g.55192812A>G	EGFR Y891C	Substitution	Missense	1	4577	0.02	1	16508	0.01	MODERATE	deleterious	0.0	probably_damaging	0.999
c4ccc856-8b43-5876-9cf1-12eaf967dff9	chr7:g.55173093G>A	EGFR R677H	Substitution	Missense	1	4577	0.02	1	16508	0.01	MODERATE	tolerated	0.11	benign	0.382
c5cadccd-079a-54f3-b44f-b2542ec7f979	chr7:g.55174006A>G	EGFR K716R	Substitution	Missense	1	4577	0.02	1	16508	0.01	MODERATE	tolerated	0.23	benign	0.283
c6dba92a-4fcf-538c-bcc1-2d4d0810024c	chr7:g.55155926G>A	EGFR C329Y	Substitution	Missense	1	4577	0.02	1	16508	0.01	MODERATE	deleterious	0.0	probably_damaging	1.0
c7b050ad-7550-56f4-b5c6-60c26d683b38	chr7:g.55173013G>A	EGFR M650I	Substitution	Missense	1	4577	0.02	1	16508	0.01	MODERATE	tolerated	0.18	benign	0.0
c8210202-9ac3-5fd3-beea-c37c4f0c082e	chr7:g.55165428G>T	EGFR C624F	Substitution	Missense	1	4577	0.02	1	16508	0.01	MODERATE	deleterious	0.0	probably_damaging	1.0
c94c7db1-255e-5bed-b1c0-abb9b8dc2a9a	chr7:g.55173101C>T	EGFR R680W	Substitution	Missense	1	4577	0.02	1	16508	0.01	MODERATE	deleterious	0.0	probably_damaging	1.0
c97488e3-ce88-529d-a12f-2f3d07fd2102	chr7:g.55191756G>A	EGFR R836H	Substitution	Missense	1	4577	0.02	1	16508	0.01	MODERATE	deleterious	0.0	probably_damaging	0.999
c9f79d8a-859b-51e6-84c8-18a64428d3fc	chr7:g.55201257G>A	EGFR D1006N	Substitution	Missense	1	4577	0.02	1	16508	0.01	MODERATE	tolerated	0.12	benign	0.072
ca5c99d3-d548-5896-bfc3-2fc513998925	chr7:g.55173955C>T	EGFR P699L	Substitution	Missense	1	4577	0.02	1	16508	0.01	MODERATE	deleterious	0.0	probably_damaging	0.94
cad40d45-4fed-5a01-92a1-3a6672a13d60	chr7:g.55174791delTCTCCGAAAGCCAACAAGGAAAT	EGFR S752Pfs*3	Deletion	Frameshift	1	4577	0.02	1	16508	0.01	HIGH				
cae5326c-17ff-51db-9cb6-d49aac8b95aa	chr7:g.55155928G>A	EGFR E330K	Substitution	Missense	1	4577	0.02	1	16508	0.01	MODERATE	tolerated	0.71	benign	0.029
cc40e170-7a83-5b4d-a064-5eacac33bccf	chr7:g.55170312G>A	EGFR	Substitution	Intron	1	4577	0.02	1	16508	0.01	MODIFIER				
cd95a67d-d2ab-5968-8f21-3b9d1571d3c4	chr7:g.55205272C>T	EGFR S1096=	Substitution	Synonymous	1	4577	0.02	1	16508	0.01	LOW				
cd99bf67-6a97-5bf4-861c-2283ec35f56b	chr7:g.55146711C>A	EGFR S177*	Substitution	Stop Gained	1	4577	0.02	1	16508	0.01	HIGH				
cdec7861-0df9-597b-9b1f-9d4dadf682a2	chr7:g.55170475G>T	EGFR	Substitution	Intron	1	4577	0.02	1	16508	0.01	MODIFIER				
cee9323f-7930-5c4e-8bab-e21a2340199f	chr7:g.55170507C>G	EGFR	Substitution	Intron	1	4577	0.02	1	16508	0.01	MODIFIER				
cef30c47-e133-55a9-bff3-4a94780a3cd8	chr7:g.55172985C>A	EGFR P641H	Substitution	Missense	1	4577	0.02	1	16508	0.01	MODERATE	tolerated	0.13	benign	0.212
d0fb348a-3da4-5773-9e4d-91c87465e887	chr7:g.55173954C>T	EGFR P699S	Substitution	Missense	1	4577	0.02	1	16508	0.01	MODERATE	deleterious	0.0	possibly_damaging	0.639
d0fe5a5f-e4c2-5f4c-b319-5c8a1f32cf44	chr7:g.55174759C>T	EGFR P741L	Substitution	Missense	1	4577	0.02	1	16508	0.01	MODERATE	deleterious	0.0	probably_damaging	1.0
d16e411f-89ca-546e-9247-54832fc9bdbf	chr7:g.55151342G>A	EGFR G203E	Substitution	Missense	1	4577	0.02	1	16508	0.01	MODERATE	deleterious	0.03	benign	0.288
d2a1bd7e-7573-5914-8377-94430b6d091e	chr7:g.55163813G>C	EGFR C571S	Substitution	Missense	1	4577	0.02	1	16508	0.01	MODERATE	deleterious	0.0	probably_damaging	1.0
d2b0a13d-da96-5bec-a935-e9859a705a93	chr7:g.55142290C>T	EGFR C31=	Substitution	Synonymous	1	4577	0.02	1	16508	0.01	LOW				
d3daa50c-db1c-5039-978d-b9209acd23c0	chr7:g.55173121G>A	EGFR R686=	Substitution	Synonymous	1	4577	0.02	1	16508	0.01	LOW				
d4b189d1-c928-5057-9b43-69bfee8616e0	chr7:g.55160152C>T	EGFR L438F	Substitution	Missense	1	4577	0.02	1	16508	0.01	MODERATE	tolerated	0.06	probably_damaging	0.998
d595073b-d90a-5ef2-9789-51fa576f3e9b	chr7:g.55160263A>G	EGFR I475V	Substitution	Missense	1	4577	0.02	1	16508	0.01	MODERATE	tolerated	1.0	benign	0.013
d5976d03-a048-595d-ad65-a22d72a3e0ee	chr7:g.55146625G>A	EGFR V148=	Substitution	Synonymous	1	4577	0.02	1	16508	0.01	LOW				
d6a49c12-1ae1-542d-896b-f1753b33d104	chr7:g.55155906C>T	EGFR G322=	Substitution	Synonymous	1	4577	0.02	1	16508	0.01	LOW				
d6b6b330-e1cb-5dbf-9d91-443030d41b18	chr7:g.55198796G>A	EGFR L927=	Substitution	Synonymous	1	4577	0.02	1	16508	0.01	LOW				
d7e97694-b59b-5504-b9ec-7b80d0ad3bd7	chr7:g.55156639C>T	EGFR I371=	Substitution	Synonymous	1	4577	0.02	1	16508	0.01	LOW				
d972f775-ded4-5b51-a545-335e546430d6	chr7:g.55146721C>T	EGFR F180=	Substitution	Synonymous	1	4577	0.02	1	16508	0.01	LOW				
dab297fc-3f26-584d-a69c-ce08eda93150	chr7:g.55019189G>T	EGFR	Substitution	5 Prime Utr	1	4577	0.02	1	16508	0.01	MODIFIER				
db924ce2-586d-5d93-a9d4-6f4d8e4161e1	chr7:g.55143315A>T	EGFR E84V	Substitution	Missense	1	4577	0.02	1	16508	0.01	MODERATE	deleterious	0.0	probably_damaging	1.0
dba6d299-374d-51cb-8bfa-252b025f99c4	chr7:g.55161537G>A	EGFR E513K	Substitution	Missense	1	4577	0.02	1	16508	0.01	MODERATE	tolerated	0.45	benign	0.163
dbb4bf96-7dc5-5fd6-94de-53f3ba2952e1	chr7:g.55154104C>T	EGFR P281S	Substitution	Missense	1	4577	0.02	1	16508	0.01	MODERATE	deleterious	0.03	possibly_damaging	0.526
dc9ab4d0-81a9-5488-940f-9d1a33fda7fc	chr7:g.55181394C>T	EGFR F795=	Substitution	Synonymous	1	4577	0.02	1	16508	0.01	LOW				
dd31fae4-482a-542b-b8e0-53e8fff6c49a	chr7:g.55170446C>T	EGFR	Substitution	Intron	1	4577	0.02	1	16508	0.01	MODIFIER				
dd8e1469-5ca6-53b8-9b77-7d02c51081df	chr7:g.55154096A>G	EGFR D278G	Substitution	Missense	1	4577	0.02	1	16508	0.01	MODERATE	tolerated	0.25	benign	0.127
ddda6e72-dbe3-53f5-8b35-04f8056ee319	chr7:g.55143432C>A	EGFR S123Y	Substitution	Missense	1	4577	0.02	1	16508	0.01	MODERATE	tolerated	0.33	possibly_damaging	0.766
de163b41-2dc2-58d5-ba5d-11b3a5d2b01e	chr7:g.55146642C>A	EGFR P154H	Substitution	Missense	1	4577	0.02	1	16508	0.01	MODERATE	deleterious	0.02	probably_damaging	0.988
debbeb0e-9c21-587e-8c7b-faffbe214d5e	chr7:g.55173074C>G	EGFR R671G	Substitution	Missense	1	4577	0.02	1	16508	0.01	MODERATE	deleterious	0.0	possibly_damaging	0.818
df5561bd-cefb-5f64-85be-1ce86fed9215	chr7:g.55154078C>T	EGFR P272L	Substitution	Missense	1	4577	0.02	1	16508	0.01	MODERATE	deleterious	0.0	possibly_damaging	0.86
df82e938-7ead-5eab-b4f8-d09c2f37dbf8	chr7:g.55200365C>T	EGFR I966=	Substitution	Synonymous	1	4577	0.02	1	16508	0.01	LOW				
dff3dc54-c126-5f45-a98c-f1c96e279484	chr7:g.55200367A>C	EGFR E967A	Substitution	Missense	1	4577	0.02	1	16508	0.01	MODERATE	deleterious	0.0	probably_damaging	0.992
e0ab6c0c-79bd-569e-860c-0f47fa0703d6	chr7:g.55201335A>T	EGFR T1032S	Substitution	Missense	1	4577	0.02	1	16508	0.01	MODERATE	tolerated	0.44	benign	0.297
e0afa182-b3d1-5728-b82a-79843b6aadfc	chr7:g.55165430A>G	EGFR T625A	Substitution	Missense	1	4577	0.02	1	16508	0.01	MODERATE	deleterious	0.0	benign	0.254
e0ebaa47-ea46-5ff8-8d6a-9aa125490828	chr7:g.55146709G>C	EGFR M176I	Substitution	Missense	1	4577	0.02	1	16508	0.01	MODERATE	tolerated	0.36	benign	0.0
e12878d5-555a-5581-90aa-393b3117bded	chr7:g.55156537T>C	EGFR C337=	Substitution	Synonymous	1	4577	0.02	1	16508	0.01	LOW				
e13ec6f0-dd11-5407-bb85-e5b9f0401138	chr7:g.55156858A>G	EGFR	Substitution	Intron	1	4577	0.02	1	16508	0.01	MODIFIER				
e1fe7d5c-e658-52ee-bf27-9db820d95f87	chr7:g.55211333C>T	EGFR	Substitution	3 Prime Utr	1	4577	0.02	1	16508	0.01	MODIFIER				
e24b95a4-e39e-536f-a073-36a8d99c25fe	chr7:g.55155942C>A	EGFR R334=	Substitution	Synonymous	1	4577	0.02	1	16508	0.01	LOW				
e24d113e-e0d5-5b40-b171-22349500c631	chr7:g.55156810G>A	EGFR L395=	Substitution	Synonymous	1	4577	0.02	1	16508	0.01	LOW				
e2def526-0e6c-56a6-b35d-54196df612b2	chr7:g.55181317_55181318insACAACCCCC	EGFR N771_H773du	Insertion	Inframe Insertion	1	4577	0.02	1	16508	0.01	MODERATE				
e46d2cef-5fee-5061-a37b-1defda3fce05	chr7:g.55201280C>T	EGFR A1013=	Substitution	Synonymous	1	4577	0.02	1	16508	0.01	LOW				
e4912694-1051-53e3-9f86-bd4d233eaf79	chr7:g.55181391C>A	EGFR P794=	Substitution	Synonymous	1	4577	0.02	1	16508	0.01	LOW				
e5a425f7-1874-5249-aa73-dc95ef60e5fe	chr7:g.55205397A>G	EGFR Y1138C	Substitution	Missense	1	4577	0.02	1	16508	0.01	MODERATE	deleterious	0.0	probably_damaging	0.948
e6b669f5-8571-5a1d-8ab3-631f9edf7a2a	chr7:g.55151328C>A	EGFR S198R	Substitution	Missense	1	4577	0.02	1	16508	0.01	MODERATE	tolerated	0.63	benign	0.233
e8fb6815-53cc-5578-8ff5-8620d48cb4a2	chr7:g.55201232C>T	EGFR F997=	Substitution	Synonymous	1	4577	0.02	1	16508	0.01	LOW				
e9719602-f878-54f4-a1e5-489039c5c6d8	chr7:g.55154088C>T	EGFR Y275=	Substitution	Synonymous	1	4577	0.02	1	16508	0.01	LOW				
e9eaa684-5bb3-502c-acda-dbf343282e71	chr7:g.55143425G>T	EGFR V121F	Substitution	Missense	1	4577	0.02	1	16508	0.01	MODERATE	deleterious	0.0	possibly_damaging	0.879
eb377689-a0d1-5a97-93a0-2dedfc58b7d1	chr7:g.55181319_55181320insGGGTTA	EGFR D770_N771insGL	Insertion	Inframe Insertion	1	4577	0.02	1	16508	0.01	MODERATE				
eb846dfc-0ea6-5261-9cd5-9fa5a38d4db7	chr7:g.55146669A>G	EGFR Q163R	Substitution	Missense	1	4577	0.02	1	16508	0.01	MODERATE	tolerated	0.53	benign	0.275
eba864cf-92d1-511f-b4e9-39732429bdef	chr7:g.55165338C>T	EGFR T594I	Substitution	Missense	1	4577	0.02	1	16508	0.01	MODERATE	deleterious	0.01	benign	0.157
ebebba9f-5e58-54ee-a0f7-d96a89884cdc	chr7:g.55156643C>T	EGFR P373S	Substitution	Missense	1	4577	0.02	1	16508	0.01	MODERATE	tolerated	0.75	benign	0.079
ec9ab533-3e89-57a0-b016-451267a20fdd	chr7:g.55152636G>A	EGFR C240Y	Substitution	Missense	1	4577	0.02	1	16508	0.01	MODERATE	deleterious	0.0	probably_damaging	1.0
ee87acd8-a551-583a-9383-c287dc853117	chr7:g.55142341T>G	EGFR F48L	Substitution	Missense	1	4577	0.02	1	16508	0.01	MODERATE	tolerated	0.17	benign	0.003
ee9d5093-f99d-57ab-91cf-95d8ce50e4e8	chr7:g.55208643G>A	EGFR	Substitution	3 Prime Utr	1	4577	0.02	1	16508	0.01	MODIFIER				
ee9e5cc6-8ad3-5adf-a5cc-63235c9e099d	chr7:g.55165416G>A	EGFR C620Y	Substitution	Missense	1	4577	0.02	1	16508	0.01	MODERATE	deleterious	0.0	probably_damaging	0.997
eecb3be7-662b-506f-977b-c2c3cd34c9e2	chr7:g.55191740C>T	EGFR R831C	Substitution	Missense	1	4577	0.02	1	16508	0.01	MODERATE	deleterious	0.01	probably_damaging	0.987
eed2702d-8cbc-5d4c-97b4-b41008b49759	chr7:g.55156647T>G	EGFR V374G	Substitution	Missense	1	4577	0.02	1	16508	0.01	MODERATE	deleterious	0.04	benign	0.124
ef870803-d563-54c2-b267-f4cd10f6899a	chr7:g.55165298C>T	EGFR Q581*	Substitution	Stop Gained	1	4577	0.02	1	16508	0.01	HIGH				
efadc674-69eb-5040-a32d-9528c483083b	chr7:g.55201266G>A	EGFR D1009N	Substitution	Missense	1	4577	0.02	1	16508	0.01	MODERATE	deleterious	0.03	possibly_damaging	0.516
efee3a1b-477f-5a7d-8bc6-462497ce7aaf	chr7:g.55171177G>T	EGFR C628F	Substitution	Missense	1	4577	0.02	1	16508	0.01	MODERATE	deleterious	0.0	possibly_damaging	0.907
f0e93afe-caa8-54dc-8421-e244e2ec9479	chr7:g.55151308C>T	EGFR P192S	Substitution	Missense	1	4577	0.02	1	16508	0.01	MODERATE	tolerated	0.52	benign	0.003
f0ea7c22-4cce-5f99-a8c0-38bfc05c93f5	chr7:g.55157711C>A	EGFR A419D	Substitution	Missense	1	4577	0.02	1	16508	0.01	MODERATE	deleterious	0.03	possibly_damaging	0.774
f1e00e0f-fd43-593c-9721-96bbe1e40683	chr7:g.55151325G>A	EGFR G197=	Substitution	Synonymous	1	4577	0.02	1	16508	0.01	LOW				
f2d451d2-a7ad-5afb-96ca-2426870b16ec	chr7:g.55200317C>A	EGFR C950*	Substitution	Stop Gained	1	4577	0.02	1	16508	0.01	HIGH				
f2f50a11-566b-545a-bbe1-55092df0f2c7	chr7:g.55181408A>G	EGFR D800G	Substitution	Missense	1	4577	0.02	1	16508	0.01	MODERATE	deleterious	0.0	probably_damaging	0.994
f3ef2686-bbb9-5ffd-8b25-20c1d3f2ce51	chr7:g.55165421C>T	EGFR P622S	Substitution	Missense	1	4577	0.02	1	16508	0.01	MODERATE	tolerated	0.49	benign	0.0
f41134a8-4752-5552-b9a0-aea66c007446	chr7:g.55163749G>C	EGFR V550L	Substitution	Missense	1	4577	0.02	1	16508	0.01	MODERATE	tolerated	0.25	benign	0.001
f4ccfb5c-e33f-52fe-b49c-ca22ad2af009	chr7:g.55155940C>T	EGFR R334C	Substitution	Missense	1	4577	0.02	1	16508	0.01	MODERATE	deleterious	0.0	possibly_damaging	0.695
f4d0f989-ec1a-5b75-b532-aa86d8053236	chr7:g.55156790C>T	EGFR P389S	Substitution	Missense	1	4577	0.02	1	16508	0.01	MODERATE	deleterious	0.03	probably_damaging	0.914
f6543527-aa22-5061-a975-643f2641b4a9	chr7:g.55191808C>T	EGFR I853=	Substitution	Synonymous	1	4577	0.02	1	16508	0.01	LOW				
f656e527-b38d-5516-8910-b2499d0db7c4	chr7:g.55181324_55181325insCCA	EGFR H773du	Insertion	Inframe Insertion	1	4577	0.02	1	16508	0.01	MODERATE				
f6fe94e9-8f47-5cde-95d0-bc983263b37c	chr7:g.55174776delTTAAGAGAAGCAA	EGFR L747_T751delinsP	Deletion	Protein Altering	1	4577	0.02	1	16508	0.01	MODERATE				
f7ea73dd-5c13-50da-b7d3-cb0fba652b40	chr7:g.55143332C>A	EGFR L90I	Substitution	Missense	1	4577	0.02	1	16508	0.01	MODERATE	deleterious	0.0	probably_damaging	1.0
f81103bd-17f9-5dc9-9651-42b468a847f9	chr7:g.55156552T>C	EGFR I342=	Substitution	Synonymous	1	4577	0.02	1	16508	0.01	LOW				
f860f913-35cb-521b-a440-c0c1b3772482	chr7:g.55157710G>C	EGFR A419P	Substitution	Missense	1	4577	0.02	1	16508	0.01	MODERATE	tolerated	0.18	benign	0.018
fad3a6f1-797c-5a7c-8fd7-a4352e219faf	chr7:g.55151345A>G	EGFR E204G	Substitution	Missense	1	4577	0.02	1	16508	0.01	MODERATE	tolerated	0.3	benign	0.0
fb5815d1-f071-5e3a-8668-9306f3df3f1d	chr7:g.55192780G>A	EGFR W880*	Substitution	Stop Gained	1	4577	0.02	1	16508	0.01	HIGH				
fba5d8e0-98e0-5aa6-b03b-7a30ca3e3e76	chr7:g.55198734T>A	EGFR L907M	Substitution	Missense	1	4577	0.02	1	16508	0.01	MODERATE	deleterious	0.02	probably_damaging	0.958
fbd73ce6-ab7b-51ca-91f7-90d54742883f	chr7:g.55201187delG	EGFR X984_splice	Deletion	Splice Acceptor	1	4577	0.02	1	16508	0.01	HIGH				
fc304cd1-268f-59f1-b793-c931e6ef4ee6	chr7:g.55156541G>A	EGFR G339R	Substitution	Missense	1	4577	0.02	1	16508	0.01	MODERATE	deleterious	0.0	probably_damaging	0.999
fcbc0dda-2505-5437-9bb4-c42874c7cede	chr7:g.55143432C>T	EGFR S123F	Substitution	Missense	1	4577	0.02	1	16508	0.01	MODERATE	tolerated	0.25	possibly_damaging	0.64
fda1249d-955d-5375-a5e3-42a4bae9aad7	chr7:g.55205560T>A	EGFR A1192=	Substitution	Synonymous	1	4577	0.02	1	16508	0.01	LOW				
fdc005ca-c9d8-5459-b3c1-1479bdf616d7	chr7:g.55165350G>A	EGFR G598E	Substitution	Missense	1	4577	0.02	1	16508	0.01	MODERATE	deleterious	0.0	probably_damaging	0.971
fdd23023-ec4a-509a-ad31-2f8e09447d9f	chr7:g.55202557G>A	EGFR R1068Q	Substitution	Missense	1	4577	0.02	1	16508	0.01	MODERATE	deleterious	0.03	benign	0.241
fe8001d4-2200-51b4-8469-ff707aec2777	chr7:g.55205578A>T	EGFR L1198=	Substitution	Synonymous	1	4577	0.02	1	16508	0.01	LOW				
fed522db-f288-5ef5-b344-0b4fcbe5bdf7	chr7:g.55181340G>T	EGFR L777=	Substitution	Synonymous	1	4577	0.02	1	16508	0.01	LOW				
ff49f935-c3f6-5d39-a8a6-6a7783e34d71	chr7:g.55181423A>G	EGFR H805R	Substitution	Missense	1	4577	0.02	1	16508	0.01	MODERATE	deleterious	0.0	benign	0.36
ffb58207-5545-55fd-885c-1ec087e1fc83	chr7:g.55202731A>G	EGFR	Substitution	Intron	1	4577	0.02	1	16508	0.01	MODIFIER				
ffba6410-a997-55ca-a82c-006cd2cda237	chr7:g.55173019G>T	EGFR G652=	Substitution	Synonymous	1	4577	0.02	1	16508	0.01	LOW				
